"obs","return"
1,0.125333
2,0.028874
3,0.063462
4,0.226719
5,-0.214267
6,0.202854
7,0.163070
8,0.044577
9,-0.320043
10,0.504151
11,-0.233787
12,-0.098017
13,-0.084631
14,0.015684
15,-0.034409
16,-0.060020
17,0.058845
18,-0.113817
19,0.071118
20,-0.184949
21,-0.231614
22,-0.415184
23,-0.111811
24,-0.158729
25,-0.151729
26,-0.282148
27,-0.220962
28,-0.028999
29,-0.166570
30,0.144753
31,-0.446960
32,-0.153857
33,0.375195
34,0.254764
35,0.907732
36,-1.342809
37,0.594974
38,-1.000850
39,0.477491
40,0.358876
41,-0.171280
42,-0.262943
43,-1.064559
44,-0.128317
45,-0.710157
46,-0.830775
47,0.182358
48,-0.238501
49,0.485508
50,-0.019512
51,-0.483439
52,0.192737
53,0.310218
54,0.552120
55,-0.326468
56,0.118064
57,-0.403830
58,-0.360562
59,-0.148073
60,-0.367111
61,0.394713
62,-0.665638
63,0.000237
64,-0.344144
65,0.292648
66,0.269962
67,0.061295
68,-0.097899
69,0.054793
70,0.342174
71,-0.021377
72,-0.186648
73,-0.073771
74,0.156491
75,-0.107568
76,0.158091
77,0.116858
78,0.704248
79,-0.032410
80,0.099594
81,-0.125864
82,0.287509
83,0.555262
84,0.160357
85,0.037636
86,0.992897
87,-0.595024
88,0.344589
89,-0.513985
90,-0.097359
91,-0.276085
92,0.045423
93,0.532482
94,0.250387
95,0.020437
96,-0.888039
97,-0.445553
98,0.032690
99,-0.674538
100,0.219060
101,-0.052402
102,-0.486915
103,-0.389491
104,-0.196476
105,0.199749
106,0.279119
107,0.066853
108,0.092623
109,0.009475
110,-0.072676
111,0.247840
112,0.253189
113,0.425098
114,-0.206838
115,0.187281
116,-0.048142
117,-0.424515
118,-0.283497
119,-0.208413
120,0.149397
121,0.062255
122,-0.120356
123,-0.102257
124,-0.136582
125,-0.540840
126,-0.265265
127,-0.814303
128,0.591911
129,0.357098
130,0.245747
131,-0.198166
132,0.921564
133,-0.309716
134,0.312877
135,0.343482
136,0.204919
137,0.321978
138,-0.039548
139,-0.149367
140,-0.662608
141,0.554061
142,-0.139498
143,0.310559
144,0.131305
145,0.167623
146,0.037975
147,0.139119
148,-0.070005
149,-0.023237
150,-0.359171
151,0.437663
152,0.022101
153,-0.249787
154,-0.381399
155,-0.111319
156,0.104353
157,-0.030958
158,0.051483
159,-0.900329
160,0.146731
161,0.630344
162,-0.263002
163,0.276103
164,-0.031949
165,0.189589
166,-0.218580
167,-0.037664
168,0.096107
169,0.253701
170,0.279926
171,0.721726
172,-0.135075
173,0.492912
174,-0.147840
175,-0.196423
176,-1.251804
177,1.025625
178,-0.007459
179,0.505961
180,-1.815486
181,0.293640
182,0.074301
183,-0.485619
184,0.139784
185,-1.053173
186,1.059084
187,-0.117782
188,-0.006238
189,0.027524
190,-0.023602
191,0.397906
192,0.217810
193,0.328012
194,-0.021470
195,-0.047730
196,-0.700422
197,-0.904611
198,-1.025135
199,-0.843249
200,0.212323
201,0.135627
202,-0.130149
203,0.601892
204,-0.005101
205,-0.056676
206,-0.284328
207,-0.101003
208,-0.005532
209,0.103424
210,0.241848
211,0.443131
212,-0.119057
213,0.581357
214,-0.198549
215,0.217705
216,0.165898
217,-0.007045
218,0.074000
219,-0.307577
220,-0.006647
221,0.104806
222,-1.265849
223,-0.030192
224,-0.240204
225,0.192945
226,-0.163533
227,0.489175
228,0.418083
229,-0.007526
230,0.039752
231,0.056437
232,-0.372369
233,-0.062710
234,0.542712
235,-0.278294
236,-0.338199
237,-0.074701
238,0.107567
239,-0.275508
240,-0.927661
241,-0.328631
242,-0.608454
243,0.876529
244,0.465474
245,-0.340092
246,-0.460734
247,-0.270159
248,0.187300
249,0.222080
250,-0.353397
251,-0.183194
252,-0.326394
253,-0.551120
254,-1.343161
255,0.625306
256,-0.162172
257,0.152283
258,-0.142610
259,-0.178917
260,0.284864
261,-0.050368
262,-0.440811
263,-0.566678
264,0.240762
265,-0.651899
266,0.584804
267,0.674756
268,0.333032
269,0.178027
270,-0.136497
271,0.160026
272,0.162840
273,0.355456
274,0.681511
275,-0.700240
276,-0.224461
277,-0.208600
278,0.132368
279,0.491544
280,0.267596
281,0.039322
282,0.458271
283,0.192875
284,0.203043
285,0.164112
286,-0.921317
287,-0.133178
288,0.225989
289,-0.532072
290,0.216736
291,0.451512
292,-0.045710
293,-0.093852
294,0.387386
295,-0.216462
296,0.088515
297,0.292240
298,0.264580
299,0.160609
300,0.932614
301,1.494638
302,0.032979
303,0.238798
304,0.519407
305,0.261203
306,0.239346
307,0.851295
308,0.154013
309,0.279646
310,-0.986087
311,-0.005988
312,0.051575
313,-0.064960
314,-0.153215
315,0.008573
316,0.641398
317,0.407866
318,0.545589
319,-0.069788
320,0.392126
321,-0.490418
322,-0.148965
323,-0.258467
324,0.488157
325,-0.055936
326,-1.907038
327,-0.211846
328,1.346327
329,0.484995
330,-0.045735
331,0.538884
332,-0.419096
333,0.273299
334,-0.169977
335,0.039863
336,-0.041089
337,0.534150
338,0.326520
339,0.093751
340,0.352992
341,-0.100547
342,0.023410
343,-0.267827
344,0.252221
345,-0.016463
346,0.112397
347,0.634648
348,0.165798
349,0.104205
350,-0.666474
351,-0.746255
352,0.407807
353,0.157177
354,-0.120373
355,-0.110274
356,0.469815
357,0.520045
358,-0.473123
359,0.688610
360,-0.038540
361,-0.269514
362,0.489095
363,-0.247731
364,0.003720
365,0.522412
366,0.064516
367,0.473513
368,-0.253562
369,-0.107429
370,0.671326
371,0.117142
372,0.024832
373,0.322072
374,1.684967
375,-1.343649
376,-0.408861
377,-0.085095
378,-0.008414
379,0.598943
380,-0.333710
381,0.249068
382,-0.133284
383,0.253789
384,0.144029
385,0.016531
386,0.291851
387,-0.431210
388,0.116838
389,-1.359571
390,-1.758904
391,-1.432609
392,0.334648
393,-0.737730
394,-0.723842
395,0.871263
396,-0.211693
397,0.454456
398,0.499939
399,-0.367189
400,-0.060819
401,0.223785
402,-0.124305
403,0.061008
404,-0.079459
405,-0.106788
406,0.161621
407,0.278722
408,0.200608
409,0.268985
410,-0.017983
411,0.595221
412,-0.234090
413,0.059156
414,-0.118269
415,-0.458526
416,-0.999202
417,0.191940
418,0.494302
419,-0.463724
420,1.105719
421,-0.634753
422,-0.236044
423,0.245085
424,0.317669
425,0.405065
426,-0.149695
427,-0.329196
428,-0.344268
429,-1.144005
430,-1.909299
431,-0.427376
432,0.609069
433,-0.420829
434,-0.026269
435,-0.284161
436,0.120928
437,0.041016
438,0.129545
439,0.095257
440,0.127301
441,-0.039727
442,0.164023
443,0.677805
444,-0.334232
445,-0.480679
446,0.429459
447,0.452268
448,-0.143989
449,0.197739
450,-0.646361
451,-0.044869
452,0.273240
453,0.061495
454,0.007643
455,-0.694681
456,-0.221988
457,0.118115
458,-0.175010
459,-0.553293
460,-0.107984
461,0.431668
462,-0.573578
463,0.014398
464,0.422695
465,0.007580
466,0.168994
467,-0.177105
468,0.541190
469,-0.228994
470,0.563894
471,-0.342519
472,-0.040725
473,-0.363562
474,-0.176366
475,0.754458
476,-0.110436
477,-0.095987
478,-0.367178
479,-0.143565
480,-0.764888
481,-1.001154
482,-0.480130
483,-0.628931
484,0.289173
485,-0.161659
486,-0.392316
487,-0.835816
488,-0.015995
489,0.071541
490,0.066618
491,-0.553762
492,-0.685839
493,0.400054
494,-0.159547
495,0.164801
496,-0.250981
497,-0.725947
498,0.256164
499,0.801328
500,0.361961
501,-0.344583
502,-0.041168
503,-0.172881
504,-0.388107
505,0.118725
506,-0.358980
507,-1.538754
508,-0.302694
509,-1.718102
510,-0.660330
511,-1.932937
512,2.202637
513,-1.758344
514,0.699856
515,0.534504
516,-1.659310
517,-0.417279
518,1.067742
519,0.810764
520,-0.295745
521,-0.321252
522,-0.004806
523,-0.546890
524,0.483324
525,-0.569657
526,1.097312
527,-0.628802
528,0.610262
529,-0.553348
530,-0.037946
531,0.573256
532,-0.719482
533,-1.444625
534,-0.968166
535,-2.048395
536,0.120877
537,1.924346
538,0.200770
539,-0.494471
540,1.229918
541,0.575615
542,1.386993
543,-0.998473
544,-0.223025
545,-1.096743
546,0.509029
547,1.383894
548,0.716911
549,0.322807
550,1.393740
551,-0.887342
552,1.323805
553,0.163000
554,-0.636423
555,1.714178
556,0.157849
557,-0.774208
558,0.969910
559,-1.108483
560,-1.623263
561,0.339500
562,-0.180819
563,0.476364
564,0.770012
565,-1.551705
566,-0.342735
567,-0.150671
568,-1.260207
569,-0.179432
570,-0.011393
571,1.219449
572,0.259007
573,-0.643116
574,0.218763
575,0.478839
576,-0.523704
577,1.176784
578,-0.382419
579,-0.856496
580,0.055535
581,0.041071
582,0.235300
583,0.076189
584,-0.037090
585,0.501865
586,0.472945
587,0.102748
588,-0.262767
589,0.642604
590,-0.032101
591,0.204903
592,0.105307
593,-0.807005
594,-0.738895
595,-0.661817
596,0.224883
597,-0.516694
598,0.302269
599,0.745389
600,-0.168809
601,-0.332649
602,-0.460330
603,0.268664
604,0.010712
605,0.287180
606,0.247294
607,-0.244765
608,-0.163820
609,-0.080000
610,0.275196
611,-0.131015
612,-0.013308
613,0.131983
614,-0.375087
615,0.034885
616,-0.438186
617,-0.162310
618,-0.154354
619,-0.631562
620,-0.182749
621,-1.695228
622,-0.619643
623,0.622647
624,-0.034002
625,-0.915248
626,-1.035995
627,-0.347957
628,-0.109145
629,0.339446
630,0.551117
631,-1.601570
632,-0.291601
633,0.879210
634,-1.461001
635,-0.487370
636,-1.366495
637,1.857541
638,-1.091574
639,-1.235062
640,0.392455
641,-0.811622
642,1.304734
643,0.001248
644,-0.231482
645,0.698143
646,-0.303840
647,0.298962
648,-0.263587
649,-0.250755
650,-0.532727
651,-0.890151
652,0.590693
653,-0.458529
654,-0.068603
655,-0.423403
656,0.167549
657,0.669138
658,-0.061217
659,0.134419
660,0.884978
661,-0.127328
662,-0.855738
663,0.547597
664,-0.089839
665,-0.565535
666,-0.344178
667,-0.997383
668,-1.290217
669,-0.533614
670,0.479034
671,-0.215897
672,0.104328
673,0.177672
674,-1.065313
675,-0.526239
676,0.461097
677,0.059819
678,-0.973290
679,-0.348161
680,-0.743417
681,0.662056
682,-1.291792
683,0.282114
684,-0.004910
685,-0.818700
686,-0.232482
687,0.361678
688,-0.099501
689,-0.631871
690,0.280271
691,1.054320
692,-0.530841
693,-0.083881
694,0.738141
695,0.110254
696,0.463545
697,-0.431439
698,-0.798398
699,1.747606
700,1.315453
701,-0.842224
702,0.691221
703,0.776513
704,-0.300260
705,0.191830
706,-0.674604
707,-1.287051
708,-0.597871
709,-0.063388
710,0.044710
711,0.001228
712,-1.316359
713,0.503087
714,0.471064
715,-0.633636
716,-0.087146
717,-0.089513
718,0.005507
719,-0.927182
720,0.341482
721,0.452976
722,-0.221027
723,0.699367
724,0.197586
725,0.180728
726,0.604571
727,-0.469120
728,0.680497
729,0.118922
730,0.440868
731,-0.622230
732,-0.292276
733,0.029765
734,-0.507945
735,-0.670794
736,0.008111
737,0.680308
738,0.036996
739,-0.010184
740,-0.600268
741,-0.298044
742,-0.084148
743,0.068309
744,-0.074882
745,-0.211404
746,-0.886751
747,-0.838121
748,-0.689215
749,0.742612
750,-0.036874
751,0.345671
752,0.794100
753,-0.657040
754,-0.807099
755,0.451633
756,-0.137295
757,-1.295101
758,0.083334
759,0.742779
760,-0.239668
761,-0.580206
762,0.571058
763,0.811549
764,0.753999
765,0.163607
766,-1.295421
767,-0.093364
768,-0.341695
769,0.650283
770,-0.244257
771,0.026420
772,0.900294
773,0.589418
774,-0.452063
775,0.335997
776,0.919530
777,-0.926674
778,-0.133375
779,0.554225
780,0.777840
781,0.723177
782,0.014540
783,1.122727
784,0.413925
785,1.364403
786,-0.088415
787,0.639564
788,-0.629314
789,-0.692145
790,-0.588339
791,0.419635
792,1.027196
793,-0.539963
794,-0.331718
795,0.541212
796,-0.162522
797,0.160412
798,-0.210418
799,-0.278039
800,-0.583705
801,-0.439672
802,0.612711
803,-0.201143
804,0.493850
805,1.126119
806,-0.192707
807,0.414254
808,-0.073994
809,-0.631825
810,-0.073433
811,-0.091181
812,0.301935
813,0.339042
814,0.090392
815,0.213500
816,0.086043
817,-0.255291
818,0.214703
819,0.313283
820,0.007231
821,-0.046785
822,0.020966
823,0.414033
824,-0.144847
825,0.447062
826,0.009685
827,-0.672574
828,0.564198
829,0.083279
830,-0.170075
831,-0.046176
832,0.124424
833,-0.185648
834,0.023746
835,-0.160138
836,-0.647879
837,-0.651407
838,0.549039
839,0.515727
840,-0.057795
841,-0.418135
842,-0.264365
843,0.098072
844,0.262299
845,0.493393
846,0.073889
847,0.209415
848,-0.070597
849,-0.036615
850,-0.494865
851,-0.743525
852,-0.515779
853,0.601120
854,0.004424
855,-0.136175
856,-0.751274
857,0.701979
858,0.364024
859,0.157256
860,0.044275
861,0.168772
862,0.357478
863,0.123626
864,-0.337099
865,0.047392
866,0.155812
867,-0.061994
868,0.235924
869,0.195384
870,0.224832
871,-0.307506
872,-0.237600
873,-0.385817
874,0.198508
875,0.022313
876,-0.388028
877,0.221398
878,-0.030165
879,0.010571
880,-0.438271
881,0.271117
882,-0.233907
883,0.319854
884,-0.130690
885,-0.106202
886,0.143746
887,0.238541
888,0.313376
889,0.236077
890,-0.089770
891,-0.085530
892,-0.272444
893,-0.149203
894,-0.074956
895,-0.146117
896,0.184465
897,-0.384036
898,-0.351882
899,0.205350
900,0.220991
901,0.195806
902,0.361617
903,-0.099199
904,-0.056152
905,0.094577
906,-0.075961
907,0.091331
908,-0.195191
909,0.222655
910,0.047650
911,0.122649
912,0.024471
913,0.244503
914,0.160222
915,0.004317
916,-0.095831
917,0.018084
918,-0.582113
919,0.286787
920,0.398876
921,-0.018173
922,0.073354
923,-0.134681
924,-0.110528
925,0.164534
926,0.017492
927,-0.066471
928,0.029415
929,-0.054941
930,0.152711
931,0.007352
932,0.082793
933,-0.062715
934,-0.059154
935,-0.319962
936,0.222933
937,-0.163877
938,0.383064
939,-0.169131
940,0.089965
941,-0.067427
942,0.040429
943,-0.303123
944,-0.200327
945,-0.134280
946,0.078719
947,0.325914
948,-0.030822
949,-0.085774
950,-0.186062
951,-0.354388
952,0.225782
953,0.013407
954,0.375851
955,0.015007
956,-0.175400
957,0.301312
958,-0.082831
959,-0.081852
960,0.200018
961,0.024097
962,-0.072797
963,0.073843
964,0.070395
965,-0.018778
966,0.069821
967,0.061423
968,-0.020894
969,-0.052591
970,-0.043456
971,0.057422
972,0.012978
973,-0.031968
974,-0.039970
975,-0.244194
976,-0.224918
977,0.165841
978,-0.296778
979,0.314268
980,-0.122863
981,0.050426
982,-0.595496
983,-0.093656
984,-0.137453
985,0.278434
986,0.471864
987,-0.094125
988,-0.068139
989,0.248648
990,-0.074200
991,-0.082363
992,0.126149
993,-0.095608
994,-0.120308
995,0.220446
996,-0.087478
997,-0.015125
998,0.044644
999,-0.028728
1000,-0.225072
1001,-0.302844
1002,0.238765
1003,-0.180201
1004,-0.004847
1005,-0.061969
1006,0.257555
1007,0.301520
1008,-0.023669
1009,0.008819
1010,-0.150527
1011,-0.092636
1012,-0.016812
1013,0.022690
1014,0.104235
1015,0.051193
1016,0.149246
1017,0.067087
1018,-0.145793
1019,0.118646
1020,0.134761
1021,0.005556
1022,0.064991
1023,0.008597
1024,0.032894
1025,-0.121608
1026,0.206298
1027,0.003097
1028,0.117285
1029,0.063461
1030,1.064982
1031,1.090154
1032,0.352520
1033,0.071865
1034,-0.140776
1035,0.227667
1036,0.065117
1037,0.128120
1038,0.198966
1039,-0.130564
1040,0.113402
1041,0.024932
1042,0.428866
1043,-0.022533
1044,-0.995667
1045,0.316919
1046,0.625152
1047,0.112286
1048,0.358433
1049,0.347653
1050,0.184736
1051,-0.037104
1052,0.179761
1053,-0.338129
1054,-0.256332
1055,0.012166
1056,-0.158117
1057,0.414191
1058,0.593481
1059,-0.058246
1060,0.114849
1061,0.111116
1062,0.065277
1063,-0.180344
1064,-0.250512
1065,0.003486
1066,-0.189159
1067,0.231920
1068,-0.170297
1069,-0.171071
1070,-0.150625
1071,0.160813
1072,0.824837
1073,0.082485
1074,0.015037
1075,0.412960
1076,0.363156
1077,-0.288440
1078,-0.326269
1079,0.048449
1080,0.167157
1081,0.170501
1082,-0.145230
1083,0.152291
1084,0.279742
1085,-0.113884
1086,-1.229084
1087,-1.393868
1088,-0.044795
1089,0.018207
1090,0.714963
1091,-0.031161
1092,0.041198
1093,0.557620
1094,-0.337807
1095,-0.212316
1096,0.196988
1097,0.116555
1098,0.143556
1099,-0.186054
1100,0.259722
1101,-0.213366
1102,-0.767687
1103,0.130118
1104,0.058248
1105,-0.126933
1106,-0.515717
1107,-0.435278
1108,0.431647
1109,0.915830
1110,-0.117325
1111,-0.094976
1112,0.251098
1113,-0.388967
1114,0.156872
1115,0.122260
1116,-0.047279
1117,0.528629
1118,0.248103
1119,0.538017
1120,0.597516
1121,-0.500093
1122,0.676775
1123,0.094653
1124,-0.042569
1125,0.831855
1126,-0.149370
1127,-0.015937
1128,-0.092851
1129,-0.176152
1130,0.347651
1131,0.046116
1132,-0.123040
1133,0.770346
1134,0.173056
1135,-0.341722
1136,-0.277418
1137,-0.123971
1138,0.309572
1139,0.149326
1140,-0.850289
1141,0.607581
1142,0.116561
1143,-0.517375
1144,-0.712283
1145,-0.949976
1146,-0.369503
1147,0.208886
1148,-0.013848
1149,0.076180
1150,-0.934413
1151,-0.063151
1152,0.698730
1153,-0.123998
1154,-0.136184
1155,-0.058785
1156,-0.154665
1157,0.182571
1158,-0.004627
1159,0.372076
1160,-0.069309
1161,-0.282054
1162,0.213977
1163,-0.067305
1164,-0.110375
1165,-0.202906
1166,0.202718
1167,0.318664
1168,0.590475
1169,0.058860
1170,-0.002598
1171,-0.210258
1172,-0.263761
1173,0.125998
1174,-0.072394
1175,0.349099
1176,0.224183
1177,0.176440
1178,0.165679
1179,-0.068437
1180,-0.006637
1181,-0.163339
1182,-0.432664
1183,0.059120
1184,0.546075
1185,-1.106588
1186,-0.449241
1187,0.325724
1188,-0.134319
1189,-0.027914
1190,0.228540
1191,0.080783
1192,0.379718
1193,-0.024283
1194,-0.050542
1195,0.287191
1196,0.100293
1197,0.056841
1198,-0.349057
1199,-0.099292
1200,-0.078616
1201,0.005928
1202,0.050509
1203,-0.205186
1204,0.158581
1205,-0.068618
1206,0.122052
1207,-0.183283
1208,0.050308
1209,-0.262018
1210,1.359761
1211,0.188385
1212,0.378033
1213,0.146305
1214,-0.050827
1215,0.341398
1216,0.178531
1217,0.265852
1218,0.011896
1219,-0.812961
1220,-0.232541
1221,-0.273841
1222,-0.412702
1223,0.008886
1224,0.613697
1225,0.310162
1226,0.048556
1227,-0.332152
1228,-0.098850
1229,0.119328
1230,0.020696
1231,-0.089812
1232,0.736084
1233,-0.163803
1234,0.382361
1235,-0.035503
1236,0.011827
1237,0.055498
1238,0.061275
1239,0.401128
1240,0.490863
1241,-0.125908
1242,0.339430
1243,0.142755
1244,0.217698
1245,-0.030183
1246,-0.536085
1247,0.220396
1248,-0.584716
1249,0.392571
1250,0.331663
1251,0.063176
1252,0.128534
1253,0.163758
1254,-0.387797
1255,0.086654
1256,0.223312
1257,-0.466953
1258,-0.379193
1259,0.198846
1260,0.097478
1261,-0.023673
1262,0.381386
1263,0.004301
1264,-0.423687
1265,0.111631
1266,-0.123922
1267,-0.262216
1268,0.056811
1269,-1.306813
1270,-0.349389
1271,0.283433
1272,-0.968177
1273,0.124719
1274,-0.000520
1275,-0.601362
1276,0.364789
1277,0.403847
1278,0.245708
1279,-0.191071
1280,0.133853
1281,0.171757
1282,0.150502
1283,-0.237012
1284,0.504797
1285,0.076601
1286,-0.161847
1287,0.090709
1288,0.023977
1289,0.282377
1290,-0.172358
1291,-0.428827
1292,-0.408182
1293,-0.145295
1294,0.313187
1295,-0.712341
1296,0.341335
1297,-0.014569
1298,-0.095854
1299,0.033446
1300,-0.013741
1301,0.526476
1302,-0.338208
1303,-0.315660
1304,0.192902
1305,-0.319602
1306,0.318281
1307,0.022531
1308,-0.097263
1309,-0.110832
1310,-0.151398
1311,0.068207
1312,-0.055969
1313,-0.038028
1314,0.067514
1315,0.071079
1316,0.208166
1317,-0.104671
1318,0.006726
1319,0.094190
1320,-0.039557
1321,0.144495
1322,0.026494
1323,-0.069202
1324,-0.140132
1325,0.469676
1326,-0.323773
1327,-0.354098
1328,-0.166110
1329,-0.367263
1330,-0.193301
1331,-0.089523
1332,-0.763089
1333,0.015437
1334,-0.103584
1335,-0.465176
1336,0.166289
1337,-0.352162
1338,0.157339
1339,0.072336
1340,-0.002248
1341,-1.181330
1342,0.125682
1343,-0.154959
1344,-0.183401
1345,-0.231129
1346,0.389618
1347,-0.581644
1348,-0.058916
1349,-0.407579
1350,-0.212326
1351,0.371769
1352,0.963265
1353,-0.764185
1354,-0.733301
1355,0.200608
1356,0.675063
1357,-0.002766
1358,0.311395
1359,-0.041509
1360,-0.648362
1361,0.344859
1362,0.066318
1363,-0.226205
1364,0.531349
1365,0.291806
1366,0.370962
1367,-0.177773
1368,0.292285
1369,0.129587
1370,-0.069124
1371,-0.352824
1372,0.456651
1373,0.340251
1374,0.233135
1375,-0.160953
1376,-0.266937
1377,-0.748216
1378,-0.394838
1379,0.158215
1380,0.063181
1381,0.371651
1382,-0.214983
1383,0.207033
1384,-0.118066
1385,0.029854
1386,-0.405840
1387,-0.037725
1388,0.155621
1389,0.013270
1390,0.369893
1391,0.237851
1392,-0.782593
1393,0.281881
1394,0.092096
1395,-0.030433
1396,0.034379
1397,0.092855
1398,0.236827
1399,-0.316444
1400,-0.263092
1401,-0.104194
1402,0.183354
1403,-0.023642
1404,0.177635
1405,-0.000975
1406,-0.007328
1407,-0.059902
1408,0.002536
1409,-0.145761
1410,-0.097494
1411,0.070412
1412,0.135808
1413,0.021029
1414,-0.144347
1415,-0.166103
1416,-0.827163
1417,-0.062518
1418,0.034958
1419,-0.212611
1420,0.086699
1421,-0.563159
1422,-0.154336
1423,1.242624
1424,-2.141612
1425,-0.908246
1426,0.618721
1427,-0.125595
1428,-0.254183
1429,-1.288551
1430,0.516672
1431,-0.263387
1432,0.725917
1433,-0.311075
1434,0.179047
1435,-0.314716
1436,0.658318
1437,-0.022211
1438,-1.554122
1439,-0.986319
1440,0.411870
1441,0.228313
1442,-0.344685
1443,-0.129922
1444,0.812410
1445,0.177488
1446,0.131932
1447,0.153810
1448,0.252795
1449,-0.113990
1450,0.176558
1451,-0.687218
1452,-0.432135
1453,-0.255535
1454,-0.861298
1455,-0.529033
1456,-0.627945
1457,-0.953288
1458,-0.854656
1459,0.754992
1460,-0.898983
1461,0.755716
1462,-0.514275
1463,-0.225099
1464,0.312681
1465,0.154341
1466,-0.501989
1467,0.351097
1468,0.242674
1469,0.268505
1470,-1.275015
1471,0.221736
1472,0.042789
1473,-0.707430
1474,0.632793
1475,0.486875
1476,-0.171108
1477,-0.531167
1478,-0.696403
1479,-0.980122
1480,0.004923
1481,0.361764
1482,1.010253
1483,-0.024882
1484,-0.240320
1485,0.282297
1486,0.437948
1487,0.279512
1488,0.161941
1489,0.274160
1490,0.646136
1491,0.353090
1492,-0.968212
1493,-0.014525
1494,0.729471
1495,0.077021
1496,-0.518960
1497,-0.242846
1498,-0.074462
1499,0.589882
1500,-0.192229
1501,0.578600
1502,0.297396
1503,-0.112852
1504,-0.011915
1505,0.414503
1506,-0.695047
1507,-0.115764
1508,-0.032261
1509,0.221729
1510,0.583209
1511,0.015613
1512,-0.097492
1513,0.219469
1514,0.446525
1515,-0.136525
1516,0.167618
1517,0.066910
1518,0.250357
1519,0.045642
1520,-0.057685
1521,-0.495713
1522,-0.018226
1523,0.275804
1524,-0.028901
1525,-2.144295
1526,0.209610
1527,-0.251794
1528,0.322083
1529,-1.455913
1530,-0.579117
1531,-0.150585
1532,0.203234
1533,0.069867
1534,0.174314
1535,-1.345622
1536,0.441838
1537,-0.508262
1538,0.560627
1539,0.159267
1540,0.916626
1541,0.215569
1542,0.619783
1543,-0.369228
1544,0.300177
1545,-0.483139
1546,0.278804
1547,0.336869
1548,0.307702
1549,-0.584781
1550,-0.244602
1551,-0.297009
1552,-0.496587
1553,0.097625
1554,-0.608248
1555,0.363584
1556,0.242230
1557,0.347757
1558,0.482634
1559,-0.139613
1560,-0.520453
1561,-0.601172
1562,0.136235
1563,0.131762
1564,0.544773
1565,-0.012555
1566,0.198191
1567,-0.035140
1568,-0.328462
1569,-0.437048
1570,-0.074471
1571,0.622633
1572,0.317728
1573,-0.267258
1574,0.377366
1575,0.682316
1576,0.542503
1577,0.550721
1578,-0.001290
1579,0.638562
1580,-0.418616
1581,0.883463
1582,-0.375647
1583,0.010537
1584,0.040710
1585,-0.050675
1586,0.455609
1587,-0.065251
1588,-0.219156
1589,0.969369
1590,0.452925
1591,-0.159464
1592,-0.196005
1593,-0.362200
1594,0.620793
1595,0.289672
1596,0.085002
1597,0.227861
1598,0.238316
1599,-0.369113
1600,-0.254626
1601,0.619280
1602,-0.150143
1603,0.986576
1604,0.219860
1605,0.187695
1606,0.116395
1607,0.961758
1608,0.200321
1609,-0.439099
1610,-0.478137
1611,0.465055
1612,0.235103
1613,0.258193
1614,0.297563
1615,-0.519146
1616,-0.019850
1617,-0.100237
1618,-0.464149
1619,-0.866221
1620,-0.004144
1621,0.664226
1622,0.535833
1623,-0.537037
1624,-0.092708
1625,0.265408
1626,-0.089553
1627,-0.265426
1628,0.379651
1629,0.697950
1630,-0.026780
1631,0.074567
1632,-0.400541
1633,-0.035934
1634,-0.150122
1635,-0.044639
1636,0.161509
1637,0.592890
1638,0.320365
1639,-0.208227
1640,0.908668
1641,0.168396
1642,-0.200410
1643,0.261994
1644,-0.533349
1645,-1.376854
1646,-0.111672
1647,-0.114911
1648,0.319470
1649,-0.239226
1650,-0.259631
1651,-0.488785
1652,-0.118499
1653,0.383830
1654,0.370152
1655,-0.069127
1656,0.138693
1657,0.273903
1658,0.048897
1659,-0.929124
1660,-1.272645
1661,0.965125
1662,0.462301
1663,-0.855066
1664,0.308732
1665,-0.121733
1666,0.211372
1667,-0.145290
1668,-0.678395
1669,0.885935
1670,3.172595
1671,-0.673766
1672,-0.223713
1673,0.299230
1674,-0.344712
1675,-1.013745
1676,-0.475423
1677,0.336534
1678,-0.240955
1679,-0.604139
1680,0.157817
1681,0.220609
1682,-0.114342
1683,0.040178
1684,0.405984
1685,-0.351904
1686,0.294962
1687,-0.307145
1688,-0.377761
1689,-0.453958
1690,0.125396
1691,0.051015
1692,-0.243589
1693,-0.007997
1694,-0.007025
1695,-0.702946
1696,-0.033805
1697,-0.213391
1698,-0.268011
1699,0.087264
1700,0.168614
1701,0.340770
1702,0.147217
1703,0.257865
1704,0.401225
1705,-0.030759
1706,-0.319726
1707,0.071275
1708,-0.351673
1709,-0.389290
1710,-0.159255
1711,-0.118124
1712,-0.173868
1713,-0.279147
1714,-0.437964
1715,-0.143679
1716,0.202712
1717,0.219713
1718,-0.086712
1719,-0.054727
1720,-0.106578
1721,-0.373057
1722,0.128094
1723,0.422496
1724,0.393118
1725,-0.353302
1726,0.099992
1727,0.348961
1728,0.509932
1729,0.105203
1730,0.317263
1731,0.146423
1732,0.034762
1733,-0.182965
1734,0.168374
1735,0.508660
1736,0.044694
1737,0.078160
1738,-0.587927
1739,-0.101928
1740,-0.049070
1741,-0.337409
1742,0.074228
1743,-0.135260
1744,0.232567
1745,0.200292
1746,0.268923
1747,-0.107857
1748,-0.081548
1749,-0.437477
1750,-0.416213
1751,0.124391
1752,-0.065886
1753,-0.004966
1754,-0.086294
1755,-0.036974
1756,0.011343
1757,0.174448
1758,0.079021
1759,0.264904
1760,-0.024022
1761,-0.064118
1762,0.094499
1763,0.269221
1764,-0.022916
1765,0.281336
1766,0.054227
1767,-0.324290
1768,-0.080311
1769,0.044975
1770,-0.001984
1771,-0.152021
1772,0.014671
1773,0.094979
1774,0.332042
1775,-0.039804
1776,-0.170101
1777,0.061894
1778,0.065357
1779,0.152386
1780,-0.165709
1781,-0.084641
1782,0.327282
1783,0.085820
1784,0.148749
1785,0.339123
1786,0.130862
1787,0.286505
1788,0.678531
1789,-0.256815
1790,-0.006982
1791,-0.053496
1792,0.220351
1793,0.157438
1794,0.048310
1795,0.022047
1796,0.169508
1797,0.209533
1798,0.032869
1799,-0.387049
1800,-0.160802
1801,0.089272
1802,0.472878
1803,-0.102364
1804,-0.250694
1805,-0.582926
1806,-0.322337
1807,-0.070838
1808,0.393831
1809,-0.261816
1810,1.481167
1811,-1.686015
1812,0.051612
1813,0.098816
1814,0.655961
1815,-0.327252
1816,0.043974
1817,0.033496
1818,-0.541339
1819,0.155903
1820,0.211627
1821,0.213337
1822,0.010690
1823,-0.025887
1824,-0.144959
1825,-0.306350
1826,-0.056094
1827,-0.232038
1828,0.359611
1829,0.284095
1830,-0.325703
1831,-0.079954
1832,-0.126729
1833,0.001249
1834,-0.356901
1835,-0.020451
1836,0.065084
1837,-0.378395
1838,-0.351363
1839,-0.051599
1840,-0.021993
1841,0.255364
1842,0.192146
1843,-0.070598
1844,-0.168644
1845,-0.131111
1846,0.141866
1847,0.378351
1848,0.047411
1849,0.033894
1850,-0.068636
1851,0.166465
1852,0.158984
1853,0.059551
1854,-0.144381
1855,-0.075639
1856,0.003367
1857,0.121749
1858,0.118917
1859,0.269005
1860,-0.110930
1861,-0.039372
1862,0.058103
1863,0.152295
1864,-0.109002
1865,-0.387135
1866,-0.152959
1867,-0.082696
1868,-0.029625
1869,0.090074
1870,0.010453
1871,0.069740
1872,-0.093251
1873,-0.017732
1874,-0.236550
1875,-0.034984
1876,-0.170024
1877,0.016427
1878,0.052959
1879,-0.029515
1880,0.187638
1881,0.015140
1882,-0.292934
1883,1.270730
1884,-0.232972
1885,-0.374997
1886,-0.407947
1887,-0.074731
1888,0.262589
1889,0.241059
1890,-0.322668
1891,0.033558
1892,0.109822
1893,0.081009
1894,0.034122
1895,0.115075
1896,-0.092049
1897,0.013566
1898,-0.256732
1899,-0.237904
1900,-0.211215
1901,0.063940
1902,-0.242064
1903,-0.248610
1904,0.211623
1905,-0.086004
1906,0.332468
1907,-0.266573
1908,-0.148466
1909,0.122038
1910,0.004912
1911,0.006687
1912,-0.062601
1913,0.051684
1914,-0.099799
1915,0.061459
1916,0.094901
1917,-0.157059
1918,-0.392800
1919,-0.118475
1920,0.320257
1921,0.197035
1922,0.222435
1923,-0.339846
1924,0.023004
1925,0.037814
1926,-0.343104
1927,0.104574
1928,0.207262
1929,-0.029803
1930,0.121856
1931,-0.121654
1932,0.068515
1933,0.142746
1934,-0.081306
1935,-0.304048
1936,0.115057
1937,-0.026651
1938,-0.057851
1939,0.015843
1940,-0.000863
1941,-0.040089
1942,-0.142460
1943,0.000616
1944,-0.043456
1945,-0.248625
1946,-0.168660
1947,-0.313311
1948,-0.018388
1949,-0.864904
1950,0.305247
1951,-0.207278
1952,-0.005102
1953,0.069847
1954,0.492361
1955,-0.467394
1956,-0.002267
1957,-0.171884
1958,-0.065279
1959,0.050274
1960,-0.307369
1961,0.089091
1962,0.462758
1963,-0.244332
1964,0.408945
1965,0.504691
1966,-0.319175
1967,-0.052601
1968,0.119730
1969,-0.478236
1970,-0.408540
1971,-0.030468
1972,-0.117546
1973,-0.231271
1974,0.528047
