"flight","date","temperature","pressure","n_failures","field_erosion","field_erosion_secondary","field_blowby","nozzle_pressure","nozzle_failures","nozzle_erosion","nozzle_erosion_secondary","nozzle_blowby"
"1","1981-04-12",66,50,0,0,0,0,50,0,0,0,0
"2","1981-11-12",70,50,1,1,0,0,50,0,0,0,0
"3","1982-03-22",69,50,0,0,0,0,50,0,0,0,0
"5","1982-11-11",68,50,0,0,0,0,50,0,0,0,0
"6","1983-04-04",67,50,0,0,0,0,50,2,2,0,0
"7","1983-06-18",72,50,0,0,0,0,50,0,0,0,0
"8","1983-08-30",73,100,0,0,0,0,50,0,0,0,0
"9","1983-11-28",70,100,0,0,0,0,100,0,0,0,0
"41-B","1984-02-03",57,200,1,1,0,0,100,1,1,0,0
"41-C","1984-04-06",63,200,1,1,0,0,100,1,1,0,0
"41-D","1984-08-30",70,200,1,1,0,0,100,1,1,0,1
"41-G","1984-10-05",78,200,0,0,0,0,100,0,0,0,0
"51-A","1984-11-08",67,200,0,0,0,0,100,0,0,0,0
"51-C","1985-01-24",53,200,2,2,1,2,100,2,0,0,2
"51-D","1985-04-12",67,200,0,0,0,0,200,2,2,0,0
"51-B","1985-04-29",75,200,0,0,0,0,100,2,2,1,1
"51-G","1985-06-17",70,200,0,0,0,0,200,2,2,0,2
"51-F","1985-07-29",81,200,0,0,0,0,200,0,1,0,0
"51-I","1985-08-27",76,200,0,0,0,0,200,0,1,0,0
"51-J","1985-10-03",79,200,0,0,0,0,200,0,0,0,0
"61-A","1985-10-30",75,200,2,0,0,2,200,0,1,0,0
"61-B","1985-11-26",76,200,0,0,0,0,200,2,2,0,1
"61-C","1986-01-12",58,200,1,1,0,0,200,2,1,0,1
