"set","date","plant_stand","precip","temp","hail","crop_hist","area_damaged","severity","seed_tmt","germination","plant_growth","leaves","leafspots_halo","leafspots_marg","leafspot_size","leaf_shread","leaf_malf","leaf_mild","stem","lodging","stem_cankers","canker_lesion","fruiting_bodies","external_decay","mycelium","int_discolor","sclerotia","fruit_pods","fruit_spots","seed","mold_growth","seed_discolor","seed_size","shriveling","roots","disease"
"train",6,0,2,1,0,1,1,1,0,0,1,1,0,2,2,0,0,0,1,1,3,1,1,1,0,0,0,0,4,0,0,0,0,0,0,"diaporthe-stem-canker"
"train",4,0,2,1,0,2,0,2,1,1,1,1,0,2,2,0,0,0,1,0,3,1,1,1,0,0,0,0,4,0,0,0,0,0,0,"diaporthe-stem-canker"
"train",3,0,2,1,0,1,0,2,1,2,1,1,0,2,2,0,0,0,1,0,3,0,1,1,0,0,0,0,4,0,0,0,0,0,0,"diaporthe-stem-canker"
"train",3,0,2,1,0,1,0,2,0,1,1,1,0,2,2,0,0,0,1,0,3,0,1,1,0,0,0,0,4,0,0,0,0,0,0,"diaporthe-stem-canker"
"train",6,0,2,1,0,2,0,1,0,2,1,1,0,2,2,0,0,0,1,0,3,1,1,1,0,0,0,0,4,0,0,0,0,0,0,"diaporthe-stem-canker"
"train",5,0,2,1,0,3,0,1,0,1,1,1,0,2,2,0,0,0,1,0,3,0,1,1,0,0,0,0,4,0,0,0,0,0,0,"diaporthe-stem-canker"
"train",5,0,2,1,0,2,0,1,1,0,1,1,0,2,2,0,0,0,1,1,3,1,1,1,0,0,0,0,4,0,0,0,0,0,0,"diaporthe-stem-canker"
"train",4,0,2,1,1,1,0,1,0,2,1,1,0,2,2,0,0,0,1,0,3,1,1,1,0,0,0,0,4,0,0,0,0,0,0,"diaporthe-stem-canker"
"train",6,0,2,1,0,3,0,1,1,1,1,1,0,2,2,0,0,0,1,0,3,1,1,1,0,0,0,0,4,0,0,0,0,0,0,"diaporthe-stem-canker"
"train",4,0,2,1,0,2,0,2,0,2,1,1,0,2,2,0,0,0,1,0,3,1,1,1,0,0,0,0,4,0,0,0,0,0,0,"diaporthe-stem-canker"
"train",6,0,0,2,0,1,3,1,1,0,1,1,0,2,2,0,0,0,1,0,0,3,0,0,0,2,1,0,4,0,0,0,0,0,0,"charcoal-rot"
"train",4,0,0,1,1,1,3,1,1,1,1,1,0,2,2,0,0,0,1,1,0,3,0,0,0,2,1,0,4,0,0,0,0,0,0,"charcoal-rot"
"train",3,0,0,1,0,1,2,1,0,0,1,1,0,2,2,0,0,0,1,0,0,3,0,0,0,2,1,0,4,0,0,0,0,0,0,"charcoal-rot"
"train",6,0,0,1,1,3,3,1,1,0,1,1,0,2,2,0,0,0,1,0,0,3,0,0,0,2,1,0,4,0,0,0,0,0,0,"charcoal-rot"
"train",6,0,0,2,0,1,3,1,1,1,1,1,0,2,2,0,0,0,1,0,0,3,0,0,0,2,1,0,4,0,0,0,0,0,0,"charcoal-rot"
"train",5,0,0,2,1,3,3,1,1,2,1,1,0,2,2,0,0,0,1,0,0,3,0,0,0,2,1,0,4,0,0,0,0,0,0,"charcoal-rot"
"train",6,0,0,2,1,0,2,1,0,0,1,1,0,2,2,0,0,0,1,1,0,3,0,0,0,2,1,0,4,0,0,0,0,0,0,"charcoal-rot"
"train",4,0,0,1,0,2,2,1,0,1,1,1,0,2,2,0,0,0,1,0,0,3,0,0,0,2,1,0,4,0,0,0,0,0,0,"charcoal-rot"
"train",3,0,0,2,0,2,2,1,0,2,1,1,0,2,2,0,0,0,1,0,0,3,0,0,0,2,1,0,4,0,0,0,0,0,0,"charcoal-rot"
"train",5,0,0,2,1,2,2,1,0,2,1,1,0,2,2,0,0,0,1,0,0,3,0,0,0,2,1,0,4,0,0,0,0,0,0,"charcoal-rot"
"train",1,1,2,0,0,2,1,2,0,2,1,0,0,2,2,0,0,0,1,0,1,1,0,1,1,0,0,3,4,0,0,0,0,0,0,"rhizoctonia-root-rot"
"train",1,1,2,0,0,1,1,2,0,1,1,0,0,2,2,0,0,0,1,0,1,1,0,1,0,0,0,3,4,0,0,0,0,0,0,"rhizoctonia-root-rot"
"train",3,0,2,0,1,3,1,2,0,1,1,0,0,2,2,0,0,0,1,1,1,1,0,1,1,0,0,3,4,0,0,0,0,0,0,"rhizoctonia-root-rot"
"train",0,1,2,0,0,0,1,1,1,2,1,0,0,2,2,0,0,0,1,0,1,1,0,1,0,0,0,3,4,0,0,0,0,0,0,"rhizoctonia-root-rot"
"train",0,1,2,0,0,1,1,2,1,2,1,0,0,2,2,0,0,0,1,0,1,1,0,1,0,0,0,3,4,0,0,0,0,0,0,"rhizoctonia-root-rot"
"train",1,1,2,0,0,3,1,2,0,2,1,0,0,2,2,0,0,0,1,0,1,1,0,1,0,0,0,3,4,0,0,0,0,0,0,"rhizoctonia-root-rot"
"train",1,1,2,0,0,0,1,1,0,1,1,0,0,2,2,0,0,0,1,0,1,1,0,1,0,0,0,3,4,0,0,0,0,0,0,"rhizoctonia-root-rot"
"train",2,1,2,0,0,2,1,1,0,1,1,0,0,2,2,0,0,0,1,0,1,1,0,1,0,0,0,3,4,0,0,0,0,0,0,"rhizoctonia-root-rot"
"train",1,1,2,0,0,1,1,2,0,2,1,0,0,2,2,0,0,0,1,0,1,1,0,1,0,0,0,3,4,0,0,0,0,0,0,"rhizoctonia-root-rot"
"train",2,1,2,0,0,1,1,2,0,2,1,0,0,2,2,0,0,0,1,0,1,1,0,1,0,0,0,3,4,0,0,0,0,0,0,"rhizoctonia-root-rot"
"train",0,1,2,1,1,1,1,1,0,0,1,1,0,2,2,0,0,0,1,0,1,2,0,1,0,0,0,3,4,0,0,0,0,0,0,"phytophthora-rot"
"train",1,1,2,1,,3,1,,,,1,1,0,2,2,0,0,0,1,,2,2,,0,0,0,0,,,,,,,,1,"phytophthora-rot"
"train",2,1,2,2,,2,1,,,,1,1,,,,,,,1,,3,2,,0,0,0,0,,,,,,,,1,"phytophthora-rot"
"train",1,1,2,0,0,2,1,2,1,1,1,1,0,2,2,0,0,0,1,0,2,2,0,0,0,0,0,3,4,0,0,0,0,0,0,"phytophthora-rot"
"train",2,1,2,2,,2,1,,,,1,1,,,,,,,1,,2,2,,0,0,0,0,,,,,,,,1,"phytophthora-rot"
"train",3,1,2,1,,2,1,,,,1,1,,,,,,,1,,3,2,,0,0,0,0,,,,,,,,1,"phytophthora-rot"
"train",0,1,1,1,0,1,1,1,0,0,1,1,0,2,2,0,0,0,1,0,1,2,0,0,0,0,0,3,4,0,0,0,0,0,0,"phytophthora-rot"
"train",3,1,2,0,0,2,1,2,1,1,1,1,0,2,2,0,0,0,1,0,2,2,0,0,0,0,0,3,4,0,0,0,0,0,0,"phytophthora-rot"
"train",2,1,1,1,,0,1,,,,1,1,0,2,2,0,0,0,1,,2,2,,0,0,0,0,,,,,,,,1,"phytophthora-rot"
"train",2,1,2,0,0,1,1,2,0,1,1,1,0,2,2,0,0,0,1,0,1,2,0,0,0,0,0,3,4,0,0,0,0,0,0,"phytophthora-rot"
"train",2,1,2,1,,1,1,,,,1,1,0,2,2,0,0,0,1,,2,2,,0,0,0,0,,,,,,,,1,"phytophthora-rot"
"train",1,1,2,1,,1,1,,,,1,1,,,,,,,1,,1,2,,0,0,0,0,,,,,,,,1,"phytophthora-rot"
"train",0,1,2,1,0,3,1,1,0,0,1,1,0,2,2,0,0,0,1,0,1,2,0,0,0,0,0,3,4,0,0,0,0,0,0,"phytophthora-rot"
"train",0,1,1,1,1,2,1,2,1,0,1,1,0,2,2,0,0,0,1,1,2,2,0,1,0,0,0,3,4,0,0,0,0,0,0,"phytophthora-rot"
"train",3,1,2,0,0,1,1,2,1,0,1,1,0,2,2,0,0,0,1,0,2,2,0,0,0,0,0,3,4,0,0,0,0,0,0,"phytophthora-rot"
"train",2,1,2,2,,3,1,,,,1,1,,,,,,,1,,3,2,,0,0,0,0,,,,,,,,1,"phytophthora-rot"
"train",0,1,2,1,0,2,1,1,0,1,1,1,0,2,2,0,0,0,1,0,1,2,0,0,0,0,0,3,4,0,0,0,0,0,0,"phytophthora-rot"
"train",2,1,1,2,,2,1,,,,1,1,0,2,2,0,0,0,1,,2,2,,0,0,0,0,,,,,,,,1,"phytophthora-rot"
"train",2,1,2,1,1,1,1,2,0,2,1,1,0,2,2,0,0,0,1,0,1,2,0,1,0,0,0,3,4,0,0,0,0,0,0,"phytophthora-rot"
"train",0,1,2,1,0,3,1,1,0,2,1,1,0,2,2,0,0,0,1,0,1,2,0,0,0,0,0,3,4,0,0,0,0,0,0,"phytophthora-rot"
"train",1,1,2,1,0,0,1,2,1,1,1,1,0,2,2,0,0,0,1,0,2,2,0,0,0,0,0,3,4,0,0,0,0,0,0,"phytophthora-rot"
"train",1,1,2,1,,0,1,,,,1,1,0,2,2,0,0,0,1,,1,2,,0,0,0,0,,,,,,,,1,"phytophthora-rot"
"train",3,1,2,1,,1,1,,,,1,1,,,,,,,1,,3,2,,0,0,0,0,,,,,,,,1,"phytophthora-rot"
"train",2,1,2,1,,1,1,,,,1,1,0,2,2,0,0,0,1,,3,2,,0,0,0,0,,,,,,,,1,"phytophthora-rot"
"train",3,1,2,2,,2,1,,,,1,1,,,,,,,1,,2,2,,0,0,0,0,,,,,,,,1,"phytophthora-rot"
"train",1,1,2,1,1,3,1,2,0,1,1,1,0,2,2,0,0,0,1,1,1,2,0,1,0,0,0,3,4,0,0,0,0,0,0,"phytophthora-rot"
"train",3,1,1,1,,3,1,,,,1,1,0,2,2,0,0,0,1,,2,2,,0,0,0,0,,,,,,,,1,"phytophthora-rot"
"train",2,1,2,2,,1,1,,,,1,1,,,,,,,1,,2,2,,0,0,0,0,,,,,,,,1,"phytophthora-rot"
"train",3,1,1,2,,2,1,,,,1,1,0,2,2,0,0,0,1,,2,2,,0,0,0,0,,,,,,,,1,"phytophthora-rot"
"train",1,1,2,2,,1,1,,,,1,1,,,,,,,1,,1,2,,0,0,0,0,,,,,,,,1,"phytophthora-rot"
"train",2,1,2,2,,3,1,,,,1,1,0,2,2,0,0,0,1,,2,2,,0,0,0,0,,,,,,,,1,"phytophthora-rot"
"train",3,1,1,1,,0,1,,,,1,1,0,2,2,0,0,0,1,,3,2,,0,0,0,0,,,,,,,,1,"phytophthora-rot"
"train",2,1,2,0,0,1,1,2,0,0,1,1,0,2,2,0,0,0,1,0,1,2,0,0,0,0,0,3,4,0,0,0,0,0,0,"phytophthora-rot"
"train",3,1,1,1,,1,1,,,,1,1,0,2,2,0,0,0,1,,3,2,,0,0,0,0,,,,,,,,1,"phytophthora-rot"
"train",2,1,2,2,,1,1,,,,1,1,,,,,,,1,,1,2,,0,0,0,0,,,,,,,,1,"phytophthora-rot"
"train",1,1,2,0,0,0,1,2,1,0,1,1,0,2,2,0,0,0,1,0,2,2,0,0,0,0,0,3,4,0,0,0,0,0,0,"phytophthora-rot"
"train",3,1,2,1,,2,1,,,,1,1,,,,,,,1,,2,2,,0,0,0,0,,,,,,,,1,"phytophthora-rot"
"train",3,1,2,1,,3,1,,,,1,1,,,,,,,1,,3,2,,0,0,0,0,,,,,,,,1,"phytophthora-rot"
"train",3,1,1,0,0,2,1,2,1,2,1,1,0,2,2,0,0,0,1,0,2,2,0,0,0,0,0,3,4,0,0,0,0,0,0,"phytophthora-rot"
"train",3,1,2,2,,2,1,,,,1,1,,,,,,,1,,3,2,,0,0,0,0,,,,,,,,1,"phytophthora-rot"
"train",4,0,0,1,0,1,3,1,1,2,0,1,0,2,2,0,0,0,1,0,0,0,0,0,0,1,0,0,0,0,0,0,0,0,0,"brown-stem-rot"
"train",4,0,0,1,0,1,3,1,1,2,0,1,0,2,2,0,0,0,1,0,0,0,0,0,0,1,0,0,0,0,0,0,0,0,0,"brown-stem-rot"
"train",3,1,0,0,0,3,0,1,1,2,1,0,0,2,2,0,0,0,1,0,0,3,0,0,0,1,0,0,4,0,0,0,0,0,0,"brown-stem-rot"
"train",5,0,0,2,0,1,3,1,1,2,0,1,0,2,2,0,0,0,1,0,0,0,0,0,0,1,0,0,0,0,0,0,0,0,0,"brown-stem-rot"
"train",5,0,0,2,0,2,3,1,1,1,0,1,0,2,2,0,0,0,1,0,0,0,0,0,0,1,0,0,0,0,0,0,0,0,0,"brown-stem-rot"
"train",4,0,0,1,0,3,2,1,0,1,0,1,0,2,2,0,0,0,1,0,0,0,0,0,0,1,0,0,0,0,0,0,0,0,0,"brown-stem-rot"
"train",5,0,0,1,1,3,3,1,0,2,1,1,2,0,1,0,0,0,1,1,0,3,0,0,0,1,0,0,4,0,0,0,0,0,0,"brown-stem-rot"
"train",6,0,1,1,1,2,0,1,1,0,1,0,0,2,1,0,0,0,1,1,0,3,0,0,0,1,0,0,4,0,0,0,0,0,0,"brown-stem-rot"
"train",5,1,0,0,0,3,2,1,0,0,1,1,0,2,2,0,0,0,1,1,0,3,0,0,0,1,0,0,4,0,0,0,0,0,0,"brown-stem-rot"
"train",5,1,0,1,0,1,3,1,1,0,1,1,2,0,1,0,0,0,1,1,0,3,0,0,0,1,0,0,4,0,0,0,0,0,0,"brown-stem-rot"
"train",4,0,1,0,1,2,3,1,1,2,1,0,0,2,2,0,0,0,1,1,0,3,0,0,0,1,0,0,4,0,0,0,0,0,0,"brown-stem-rot"
"train",4,1,0,0,0,3,2,1,1,1,1,1,2,0,1,0,0,0,1,1,0,3,0,0,0,1,0,0,4,0,0,0,0,0,0,"brown-stem-rot"
"train",4,0,0,1,0,2,0,1,1,0,0,1,0,2,2,0,0,0,1,0,0,0,0,0,0,1,0,0,0,0,0,0,0,0,0,"brown-stem-rot"
"train",3,1,0,0,0,2,0,2,0,1,1,1,2,0,1,0,0,0,1,0,0,3,0,0,0,1,0,0,4,0,0,0,0,0,0,"brown-stem-rot"
"train",5,0,0,1,0,3,2,1,0,1,0,1,0,2,2,0,0,0,1,0,0,0,0,0,0,1,0,0,0,0,0,0,0,0,0,"brown-stem-rot"
"train",4,0,0,1,0,3,3,1,1,0,0,1,0,2,2,0,0,0,1,0,0,0,0,0,0,1,0,0,0,0,0,0,0,0,0,"brown-stem-rot"
"train",4,0,0,1,0,3,2,1,0,2,0,1,0,2,2,0,0,0,1,0,0,0,0,0,0,1,0,0,0,0,0,0,0,0,0,"brown-stem-rot"
"train",4,0,0,1,0,1,2,1,1,2,0,1,0,2,2,0,0,0,1,0,0,0,0,0,0,1,0,0,0,0,0,0,0,0,0,"brown-stem-rot"
"train",4,0,0,1,0,1,2,1,0,0,0,1,0,2,2,0,0,0,1,0,0,0,0,0,0,1,0,0,0,0,0,0,0,0,0,"brown-stem-rot"
"train",3,0,0,1,0,3,2,1,0,0,0,1,0,2,2,0,0,0,1,0,0,0,0,0,0,1,0,0,0,0,0,0,0,0,0,"brown-stem-rot"
"train",5,0,0,1,1,3,3,1,0,1,0,1,0,2,2,0,0,1,0,0,0,0,0,0,0,0,0,0,0,0,0,0,0,0,0,"powdery-mildew"
"train",6,0,1,0,1,0,0,0,1,2,0,1,0,2,2,0,0,1,0,0,0,0,0,0,0,0,0,0,0,0,0,0,0,0,0,"powdery-mildew"
"train",1,1,0,1,0,3,3,1,2,0,0,1,0,2,2,0,0,1,0,0,0,0,0,0,0,0,0,0,0,0,0,0,0,0,0,"powdery-mildew"
"train",6,1,1,0,0,2,2,0,1,2,0,1,0,2,2,0,0,1,0,0,0,0,0,0,0,0,0,0,0,0,0,0,0,0,0,"powdery-mildew"
"train",4,1,1,0,0,2,2,0,2,0,0,1,0,2,2,0,0,1,0,0,0,0,0,0,0,0,0,0,0,0,0,0,0,0,0,"powdery-mildew"
"train",6,0,0,1,1,1,1,1,0,2,0,1,0,2,2,0,0,1,0,0,0,0,0,0,0,0,0,0,0,0,0,0,0,0,0,"powdery-mildew"
"train",2,1,1,0,0,2,2,0,0,1,0,1,0,2,2,0,0,1,0,0,0,0,0,0,0,0,0,0,0,0,0,0,0,0,0,"powdery-mildew"
"train",6,1,0,1,0,1,1,1,1,2,0,1,0,2,2,0,0,1,0,0,0,0,0,0,0,0,0,0,0,0,0,0,0,0,0,"powdery-mildew"
"train",5,1,0,1,0,1,1,1,0,1,0,1,0,2,2,0,0,1,0,0,0,0,0,0,0,0,0,0,0,0,0,0,0,0,0,"powdery-mildew"
"train",1,1,0,1,0,1,1,1,2,0,0,1,0,2,2,0,0,1,0,0,0,0,0,0,0,0,0,0,0,0,0,0,0,0,0,"powdery-mildew"
"train",6,0,2,0,1,2,1,0,1,2,0,1,2,0,1,0,1,2,0,0,0,0,0,0,0,0,0,0,0,1,1,0,0,0,0,"downy-mildew"
"train",2,0,2,1,1,1,1,1,1,2,0,1,2,0,1,0,1,2,0,0,0,0,0,0,0,0,0,0,0,1,1,0,0,0,0,"downy-mildew"
"train",1,0,2,1,1,3,2,1,0,1,0,1,1,0,1,0,0,2,0,0,0,0,0,0,0,0,0,0,0,1,1,0,0,0,0,"downy-mildew"
"train",4,1,2,2,0,2,2,1,0,1,0,1,1,0,1,0,1,2,0,0,0,0,0,0,0,0,0,0,0,1,1,0,0,0,0,"downy-mildew"
"train",1,0,2,0,1,0,0,1,0,1,0,1,1,0,1,0,0,2,0,0,0,0,0,0,0,0,0,0,0,1,1,0,0,0,0,"downy-mildew"
"train",2,1,2,0,0,3,0,1,0,1,0,1,1,0,1,0,0,2,0,0,0,0,0,0,0,0,0,0,0,1,1,0,0,0,0,"downy-mildew"
"train",2,1,2,1,0,2,0,1,0,1,0,1,2,0,1,0,0,2,0,0,0,0,0,0,0,0,0,0,0,1,1,0,0,0,0,"downy-mildew"
"train",4,1,2,2,0,2,1,0,1,2,0,1,1,0,1,0,0,2,0,0,0,0,0,0,0,0,0,0,0,1,1,0,0,0,0,"downy-mildew"
"train",4,1,2,0,0,1,2,1,0,1,0,1,2,0,1,0,0,2,0,0,0,0,0,0,0,0,0,0,0,1,1,0,0,0,0,"downy-mildew"
"train",5,1,2,1,0,3,2,1,0,1,0,1,1,0,1,0,0,2,0,0,0,0,0,0,0,0,0,0,0,1,1,0,0,0,0,"downy-mildew"
"train",1,1,2,2,1,3,3,1,0,2,1,1,2,0,1,0,0,0,0,0,0,0,0,0,0,0,0,0,0,0,0,0,0,0,0,"brown-spot"
"train",2,0,2,1,0,2,3,1,1,1,0,1,2,0,1,0,0,0,0,0,0,0,0,0,0,0,0,0,0,0,0,0,0,0,0,"brown-spot"
"train",2,0,2,1,0,2,3,1,1,0,0,1,2,0,1,1,0,0,0,0,0,0,0,0,0,0,0,0,0,0,0,0,0,0,0,"brown-spot"
"train",2,0,2,1,0,1,0,1,2,0,0,1,2,0,1,1,0,0,0,0,0,0,0,0,0,0,0,0,0,0,0,0,0,0,0,"brown-spot"
"train",1,1,2,2,1,3,3,1,1,1,1,1,2,0,1,0,0,0,0,0,0,0,0,0,0,0,0,0,0,0,0,0,0,0,0,"brown-spot"
"train",1,1,2,1,0,2,3,1,0,2,0,1,2,0,1,1,0,0,0,0,0,0,0,0,0,0,0,0,0,0,0,0,0,0,0,"brown-spot"
"train",0,1,2,2,1,3,3,1,2,1,0,1,2,0,1,0,0,0,0,0,0,0,0,0,0,0,0,0,0,0,0,0,0,0,0,"brown-spot"
"train",2,0,2,1,0,2,3,1,0,0,0,1,2,0,1,1,0,0,0,0,0,0,0,0,0,0,0,0,0,0,0,0,0,0,0,"brown-spot"
"train",1,0,2,1,0,2,3,1,1,1,0,1,2,0,1,1,0,0,0,0,0,0,0,0,0,0,0,0,0,0,0,0,0,0,0,"brown-spot"
"train",2,1,2,1,0,3,3,1,0,2,0,1,2,0,1,1,0,0,0,0,0,0,0,0,0,0,0,0,0,0,0,0,0,0,0,"brown-spot"
"train",5,0,2,1,0,2,2,1,0,1,0,1,2,0,1,0,0,0,1,0,3,1,1,0,0,0,0,0,0,0,0,0,0,0,0,"brown-spot"
"train",1,1,2,1,0,3,3,1,1,2,0,1,2,0,1,1,0,0,0,0,0,0,0,0,0,0,0,0,0,0,0,0,0,0,0,"brown-spot"
"train",1,0,2,1,0,3,3,1,2,0,0,1,2,0,1,1,0,0,0,0,0,0,0,0,0,0,0,0,0,0,0,0,0,0,0,"brown-spot"
"train",4,0,2,1,0,1,3,1,0,0,0,1,2,0,1,1,0,0,1,0,3,1,1,0,0,0,0,0,0,0,0,0,0,0,0,"brown-spot"
"train",1,0,2,1,0,2,3,1,0,1,0,1,2,0,1,1,0,0,0,0,0,0,0,0,0,0,0,0,0,0,0,0,0,0,0,"brown-spot"
"train",4,1,2,1,0,3,3,1,0,2,0,1,2,0,1,0,0,0,1,0,3,1,1,0,0,0,0,0,0,0,0,0,0,0,0,"brown-spot"
"train",2,0,2,1,0,3,3,1,0,0,0,1,2,0,1,1,0,0,0,0,0,0,0,0,0,0,0,0,0,0,0,0,0,0,0,"brown-spot"
"train",0,1,1,1,1,2,2,0,2,1,1,1,2,0,1,0,0,0,0,0,0,0,0,0,0,0,0,0,0,0,0,0,0,0,0,"brown-spot"
"train",1,1,1,1,1,2,0,0,0,2,0,1,2,0,1,0,0,0,0,0,0,0,0,0,0,0,0,0,0,0,0,0,0,0,0,"brown-spot"
"train",1,1,2,1,0,1,0,1,2,2,0,1,2,0,1,1,0,0,0,0,0,0,0,0,0,0,0,0,0,0,0,0,0,0,0,"brown-spot"
"train",1,0,2,1,0,1,3,1,0,0,0,1,2,0,1,0,0,0,1,0,3,1,1,0,0,0,0,0,0,0,0,0,0,0,0,"brown-spot"
"train",2,0,2,1,0,3,3,1,1,1,0,1,2,0,1,1,0,0,0,0,0,0,0,0,0,0,0,0,0,0,0,0,0,0,0,"brown-spot"
"train",3,0,2,1,0,2,3,2,2,1,0,1,2,0,1,0,0,0,1,0,0,3,1,1,0,0,0,0,0,0,0,0,0,0,0,"brown-spot"
"train",2,1,2,2,1,3,1,1,1,0,1,1,2,0,1,0,0,0,0,0,0,0,0,0,0,0,0,0,0,0,0,0,0,0,0,"brown-spot"
"train",1,0,2,1,0,2,3,1,2,0,0,1,2,0,1,1,0,0,0,0,0,0,0,0,0,0,0,0,0,0,0,0,0,0,0,"brown-spot"
"train",1,1,2,1,0,2,3,1,0,2,0,1,2,0,1,1,0,0,0,0,0,0,0,0,0,0,0,0,0,0,0,0,0,0,0,"brown-spot"
"train",5,0,2,1,0,1,3,1,0,0,0,1,2,0,1,1,0,0,1,0,3,1,1,0,0,0,0,0,0,0,0,0,0,0,0,"brown-spot"
"train",4,1,1,1,1,2,2,0,0,2,0,1,2,0,1,0,0,0,1,0,3,1,1,0,0,0,0,0,1,0,0,0,0,0,0,"brown-spot"
"train",3,1,2,1,0,1,3,1,0,2,0,1,2,0,1,1,0,0,1,0,3,1,1,0,0,0,0,0,0,0,0,0,0,0,0,"brown-spot"
"train",1,0,2,1,0,3,3,1,0,0,0,1,2,0,1,0,0,0,0,0,0,0,0,0,0,0,0,0,0,0,0,0,0,0,0,"brown-spot"
"train",4,0,2,1,0,2,3,2,1,1,0,1,2,0,1,0,0,0,1,0,0,3,1,1,0,0,0,0,0,0,0,0,0,0,0,"brown-spot"
"train",2,1,2,1,0,2,3,1,0,2,0,1,2,0,1,0,0,0,0,0,0,0,0,0,0,0,0,0,0,0,0,0,0,0,0,"brown-spot"
"train",2,1,1,1,1,0,0,1,1,0,0,1,2,0,1,0,0,0,0,0,0,0,0,0,0,0,0,0,0,0,0,0,0,0,0,"brown-spot"
"train",3,1,2,1,0,3,1,1,0,2,0,1,2,0,1,0,0,0,1,0,3,1,1,0,0,0,0,0,0,0,0,0,0,0,0,"brown-spot"
"train",3,0,2,1,0,3,3,2,2,0,0,1,2,0,1,0,0,0,1,0,0,3,1,1,0,0,0,0,0,0,0,0,0,0,0,"brown-spot"
"train",2,0,2,1,0,2,2,1,0,1,0,1,2,0,1,0,0,0,1,0,3,1,1,0,0,0,0,0,0,0,0,0,0,0,0,"brown-spot"
"train",3,0,2,1,0,3,1,1,0,0,0,1,2,0,1,1,0,0,0,0,0,0,0,0,0,0,0,0,0,0,0,0,0,0,0,"brown-spot"
"train",3,1,2,1,0,3,1,1,0,2,0,1,2,0,1,1,0,0,1,0,3,1,1,0,0,0,0,0,0,0,0,0,0,0,0,"brown-spot"
"train",2,1,2,1,0,3,3,2,2,2,0,1,2,0,1,1,0,0,0,0,0,0,0,0,0,0,0,0,0,0,0,0,0,0,0,"brown-spot"
"train",5,1,2,1,0,3,3,2,0,2,0,1,2,0,1,0,0,0,1,0,0,3,1,1,0,0,0,0,0,0,0,0,0,0,0,"brown-spot"
"train",5,0,2,1,1,3,3,1,1,0,0,1,2,0,0,1,0,0,0,0,0,0,0,0,0,0,0,0,0,0,0,0,0,0,0,"bacterial-blight"
"train",4,0,2,2,1,2,3,1,1,1,0,1,2,0,0,1,0,0,0,0,0,0,0,0,0,0,0,0,0,0,0,0,0,0,0,"bacterial-blight"
"train",2,0,1,1,0,0,0,0,0,0,0,1,1,0,0,0,0,0,0,0,0,0,0,0,0,0,0,0,0,0,0,0,0,0,0,"bacterial-blight"
"train",3,0,1,1,0,1,2,0,0,0,0,1,1,0,0,1,0,0,0,0,0,0,0,0,0,0,0,0,0,0,0,0,0,0,0,"bacterial-blight"
"train",3,0,1,1,0,3,2,0,0,0,0,1,1,0,0,1,1,0,0,0,0,0,0,0,0,0,0,0,0,0,0,0,0,0,0,"bacterial-blight"
"train",3,0,2,1,1,2,1,1,1,0,0,1,2,0,0,1,0,0,0,0,0,0,0,0,0,0,0,0,0,0,0,0,0,0,0,"bacterial-blight"
"train",3,0,1,1,0,1,0,0,0,1,0,1,1,0,0,1,0,0,0,0,0,0,0,0,0,0,0,0,0,0,0,0,0,0,0,"bacterial-blight"
"train",4,0,2,1,1,0,3,1,1,1,0,1,2,0,0,1,0,0,0,0,0,0,0,0,0,0,0,0,0,0,0,0,0,0,0,"bacterial-blight"
"train",2,0,1,1,0,3,1,0,0,0,0,1,1,0,0,1,0,0,0,0,0,0,0,0,0,0,0,0,0,0,0,0,0,0,0,"bacterial-blight"
"train",4,1,2,2,1,2,1,1,1,2,0,1,2,0,0,1,0,0,0,0,0,0,0,0,0,0,0,0,0,0,0,0,0,0,0,"bacterial-blight"
"train",2,1,1,2,0,2,2,0,0,2,0,1,1,1,0,0,0,0,0,0,0,0,0,0,0,0,0,0,0,0,0,0,0,0,2,"bacterial-pustule"
"train",3,0,2,0,1,2,3,1,1,1,1,1,2,1,0,1,0,0,0,0,0,0,0,0,0,0,0,0,0,1,1,1,0,0,0,"bacterial-pustule"
"train",2,0,1,0,0,0,0,0,0,0,0,1,1,1,0,0,0,0,0,0,0,0,0,0,0,0,0,0,0,0,0,0,0,0,0,"bacterial-pustule"
"train",4,1,2,1,0,3,0,1,0,2,0,1,1,0,0,1,1,0,0,0,0,0,0,0,0,0,0,0,0,0,0,0,1,0,1,"bacterial-pustule"
"train",3,0,2,1,1,1,1,1,0,1,0,1,1,1,0,1,0,0,0,0,0,0,0,0,0,0,0,0,0,1,1,1,1,0,1,"bacterial-pustule"
"train",3,1,1,0,0,2,0,0,0,2,0,1,2,1,0,0,0,0,0,0,0,0,0,0,0,0,0,0,0,0,0,0,0,0,1,"bacterial-pustule"
"train",3,0,1,1,1,2,3,0,0,1,1,1,1,1,0,1,0,0,0,0,0,0,0,0,0,0,0,0,0,1,1,1,1,0,0,"bacterial-pustule"
"train",3,1,2,1,0,0,2,1,0,2,0,1,1,1,0,1,0,0,0,0,0,0,0,0,0,0,0,0,0,0,0,0,1,0,1,"bacterial-pustule"
"train",4,0,1,1,1,1,3,0,0,1,0,1,1,1,0,1,0,0,0,0,0,0,0,0,0,0,0,0,0,1,1,1,1,0,0,"bacterial-pustule"
"train",5,1,1,1,0,2,0,0,1,2,0,1,1,1,0,1,0,0,0,0,0,0,0,0,0,0,0,0,0,0,0,0,0,0,1,"bacterial-pustule"
"train",6,0,2,0,1,2,2,0,0,0,0,0,0,2,2,0,0,0,1,1,0,3,0,0,0,0,0,1,1,1,0,1,0,0,0,"purple-seed-stain"
"train",6,0,2,0,0,2,2,0,1,1,0,1,2,0,0,0,0,0,1,0,0,3,0,0,0,0,0,1,1,1,0,1,0,0,0,"purple-seed-stain"
"train",4,0,2,1,1,1,1,0,1,2,0,0,0,2,2,0,0,0,0,0,0,3,0,0,0,0,0,0,0,1,0,1,0,0,0,"purple-seed-stain"
"train",4,0,2,1,1,0,0,0,0,1,0,1,2,0,0,0,0,0,0,1,0,3,0,0,0,0,0,0,0,1,0,1,0,0,0,"purple-seed-stain"
"train",4,0,2,0,0,0,0,0,0,2,0,1,2,0,0,0,0,0,0,0,0,3,0,0,0,0,0,0,0,1,0,1,0,0,0,"purple-seed-stain"
"train",6,0,2,2,0,2,2,0,0,1,0,1,2,0,0,0,0,0,1,0,0,3,0,0,0,0,0,1,1,1,0,1,0,0,0,"purple-seed-stain"
"train",3,0,2,0,1,0,0,0,0,1,0,0,0,2,2,0,0,0,0,1,0,3,0,0,0,0,0,0,0,1,0,1,0,0,0,"purple-seed-stain"
"train",3,0,2,1,1,3,3,0,1,1,0,0,0,2,2,0,0,0,0,0,0,3,0,0,0,0,0,0,0,1,0,1,0,0,0,"purple-seed-stain"
"train",5,0,2,1,0,1,1,0,0,0,0,1,2,0,0,0,0,0,1,0,0,3,0,0,0,0,0,1,1,1,0,1,0,0,0,"purple-seed-stain"
"train",4,0,2,1,0,0,0,0,1,1,0,0,0,2,2,0,0,0,1,0,0,3,0,0,0,0,0,0,0,1,0,1,0,0,0,"purple-seed-stain"
"train",5,1,2,1,0,3,3,1,1,0,0,0,0,2,2,0,0,0,1,0,3,2,0,0,0,0,0,1,2,0,0,0,0,0,0,"anthracnose"
"train",5,1,2,2,1,2,2,0,1,2,0,1,0,2,2,0,0,0,1,0,3,1,1,1,0,0,0,1,2,1,1,1,0,1,0,"anthracnose"
"train",6,0,2,1,0,1,1,1,1,1,0,0,0,2,2,0,0,0,1,0,3,2,1,0,0,0,0,1,2,1,1,0,1,1,0,"anthracnose"
"train",2,1,2,2,1,0,0,1,0,0,1,1,0,2,2,0,0,0,1,0,2,1,0,1,0,0,0,0,0,0,0,0,0,0,0,"anthracnose"
"train",3,0,2,1,0,3,3,1,0,0,1,1,0,2,2,0,0,0,1,0,3,2,1,1,0,0,0,1,2,1,1,1,0,0,0,"anthracnose"
"train",4,1,2,2,1,2,2,1,0,1,1,1,0,2,2,0,0,0,1,0,3,1,1,1,0,0,0,1,2,0,0,0,0,0,0,"anthracnose"
"train",6,0,2,1,0,2,2,1,0,1,0,0,0,2,2,0,0,0,1,0,3,2,1,0,0,0,0,1,2,1,1,0,1,1,0,"anthracnose"
"train",1,0,2,1,0,1,1,1,1,1,1,1,0,2,2,0,0,0,1,0,2,2,0,1,0,0,0,0,0,1,0,1,0,0,0,"anthracnose"
"train",6,1,2,1,0,2,2,1,1,1,0,0,0,2,2,0,0,0,1,0,3,2,1,0,0,0,0,1,2,1,1,0,1,1,0,"anthracnose"
"train",5,0,2,1,0,1,1,1,2,2,1,1,0,2,2,0,0,0,1,0,3,2,1,1,0,0,0,1,2,1,1,1,0,0,0,"anthracnose"
"train",5,1,2,2,1,3,3,0,1,2,1,1,0,2,2,0,0,0,1,1,3,2,1,1,0,0,0,1,2,0,0,0,0,0,0,"anthracnose"
"train",0,0,2,1,0,3,3,1,1,2,1,1,0,2,2,0,0,0,1,0,2,2,0,1,0,0,0,0,0,1,1,0,1,0,0,"anthracnose"
"train",6,0,2,1,0,2,2,0,0,0,1,1,0,2,2,0,0,0,1,0,3,1,1,1,0,0,0,1,2,1,0,1,1,1,0,"anthracnose"
"train",5,1,2,1,0,1,1,1,0,1,0,0,0,2,2,0,0,0,1,0,3,2,0,0,0,0,0,1,2,1,1,0,1,1,0,"anthracnose"
"train",5,0,2,1,0,2,2,1,0,2,0,0,0,2,2,0,0,0,1,0,3,2,1,0,0,0,0,1,2,0,0,0,0,0,0,"anthracnose"
"train",6,1,2,2,1,0,0,1,0,1,0,1,0,2,2,0,0,0,1,0,3,1,1,1,0,0,0,1,2,0,0,0,0,0,0,"anthracnose"
"train",5,0,2,1,0,1,1,1,0,0,0,0,0,2,2,0,0,0,1,0,3,2,1,0,0,0,0,1,2,1,1,0,1,1,0,"anthracnose"
"train",6,1,2,2,1,3,3,0,2,1,0,1,0,2,2,0,0,0,1,1,3,2,1,1,0,0,0,1,2,0,0,0,0,0,0,"anthracnose"
"train",5,1,2,1,0,3,3,1,0,1,0,0,0,2,2,0,0,0,1,0,3,2,0,0,0,0,0,1,2,1,1,0,1,1,0,"anthracnose"
"train",5,1,2,1,0,2,2,1,1,1,0,0,0,2,2,0,0,0,1,0,3,2,0,0,0,0,0,1,2,1,1,0,1,1,0,"anthracnose"
"train",3,1,1,1,0,0,2,0,0,2,0,1,2,0,1,0,0,0,0,0,0,0,0,0,0,0,0,0,0,0,0,0,0,0,0,"phyllosticta-leaf-spot"
"train",3,0,0,1,1,0,2,0,0,1,0,1,2,0,1,0,1,0,0,0,0,0,0,0,0,0,0,0,0,0,0,0,0,0,0,"phyllosticta-leaf-spot"
"train",3,1,1,1,0,0,0,0,0,0,0,1,2,0,1,0,0,0,0,0,0,0,0,0,0,0,0,0,0,0,0,0,0,0,0,"phyllosticta-leaf-spot"
"train",3,0,0,1,1,2,0,0,0,0,0,1,2,0,1,0,0,0,0,0,0,0,0,0,0,0,0,0,0,0,0,0,0,0,0,"phyllosticta-leaf-spot"
"train",3,1,1,2,0,3,2,0,1,1,0,1,2,0,1,1,1,0,0,0,0,0,0,0,0,0,0,0,0,0,0,0,0,0,0,"phyllosticta-leaf-spot"
"train",2,0,0,1,1,0,3,0,2,2,0,1,2,0,1,0,0,0,0,0,0,0,0,0,0,0,0,0,0,0,0,0,0,0,0,"phyllosticta-leaf-spot"
"train",1,0,0,2,1,3,2,1,1,1,0,1,2,0,1,1,1,0,0,0,0,0,0,0,0,0,0,0,0,0,0,0,0,0,0,"phyllosticta-leaf-spot"
"train",2,1,1,1,0,2,2,1,1,1,0,1,2,0,1,0,1,0,0,0,0,0,0,0,0,0,0,0,0,0,0,0,0,0,0,"phyllosticta-leaf-spot"
"train",2,0,0,2,1,3,0,1,1,0,1,1,2,0,1,1,0,0,0,0,0,0,0,0,0,0,0,0,0,0,0,0,0,0,0,"phyllosticta-leaf-spot"
"train",2,1,1,2,0,3,3,0,2,2,0,1,2,0,1,1,0,0,0,0,0,0,0,0,0,0,0,0,0,0,0,0,0,0,0,"phyllosticta-leaf-spot"
"train",4,1,2,1,0,1,1,1,1,2,0,1,2,0,1,0,0,0,0,0,0,0,0,0,0,0,0,0,0,0,0,0,0,0,0,"alternarialeaf-spot"
"train",4,0,1,1,0,3,3,1,0,1,0,1,2,0,1,0,0,0,0,0,0,0,0,0,0,0,0,0,0,0,0,0,0,0,0,"alternarialeaf-spot"
"train",3,0,2,1,0,0,0,1,0,1,0,1,2,0,1,0,0,0,0,0,0,0,0,0,0,0,0,0,0,0,0,0,0,0,0,"alternarialeaf-spot"
"train",6,0,2,2,0,3,3,0,1,1,0,1,2,0,1,0,0,0,0,0,0,0,0,0,0,0,0,0,0,0,0,0,0,0,0,"alternarialeaf-spot"
"train",6,0,1,1,1,2,2,0,2,2,0,1,2,0,1,0,0,0,0,0,0,0,0,0,0,0,0,0,0,1,0,1,0,0,0,"alternarialeaf-spot"
"train",5,0,2,2,0,3,3,1,0,1,0,1,2,0,1,0,0,0,0,0,0,0,0,0,0,0,0,0,0,0,0,0,0,0,0,"alternarialeaf-spot"
"train",6,0,1,1,0,3,3,0,1,1,0,1,2,0,1,0,0,0,0,0,0,0,0,0,0,0,0,0,0,0,0,0,0,0,0,"alternarialeaf-spot"
"train",5,1,2,2,0,3,1,0,0,2,0,1,2,0,1,0,0,0,0,0,0,0,0,0,0,0,0,0,0,0,0,0,0,0,0,"alternarialeaf-spot"
"train",6,0,2,2,0,3,3,0,1,1,0,1,2,0,1,0,0,0,0,0,0,0,0,0,0,0,0,0,0,0,0,0,0,0,0,"alternarialeaf-spot"
"train",6,0,2,2,0,3,2,1,1,0,0,1,2,0,1,0,0,0,0,0,0,0,0,0,0,0,0,0,0,0,0,0,0,0,0,"alternarialeaf-spot"
"train",5,0,2,2,0,2,3,0,0,1,0,1,2,0,1,0,0,0,0,0,0,0,0,0,0,0,0,0,0,0,0,0,0,0,0,"alternarialeaf-spot"
"train",4,1,2,1,0,3,0,1,1,2,0,1,2,0,1,0,0,0,0,0,0,0,0,0,0,0,0,0,0,0,0,0,0,0,0,"alternarialeaf-spot"
"train",6,0,2,1,0,1,1,0,1,0,0,1,2,0,1,1,0,0,0,0,0,0,0,0,0,0,0,0,0,0,0,0,0,0,0,"alternarialeaf-spot"
"train",5,0,2,2,0,2,2,1,0,0,0,1,2,0,1,0,0,0,0,0,0,0,0,0,0,0,0,0,0,0,0,0,0,0,0,"alternarialeaf-spot"
"train",5,1,2,1,0,0,0,0,0,2,0,1,2,0,1,0,0,0,0,0,0,0,0,0,0,0,0,0,0,0,0,0,0,0,0,"alternarialeaf-spot"
"train",4,0,2,1,0,2,2,0,0,1,0,1,2,0,1,0,0,0,0,0,0,0,0,0,0,0,0,0,0,0,0,0,0,0,0,"alternarialeaf-spot"
"train",4,0,2,1,0,1,1,1,1,1,0,1,2,0,1,1,0,0,0,0,0,0,0,0,0,0,0,0,0,0,0,0,0,0,0,"alternarialeaf-spot"
"train",5,0,2,1,0,2,1,0,0,0,0,1,2,0,1,0,0,0,0,0,0,0,0,0,0,0,0,0,0,0,0,0,0,0,0,"alternarialeaf-spot"
"train",6,0,2,2,0,3,2,0,1,0,0,1,2,0,1,0,0,0,0,0,0,0,0,0,0,0,0,0,0,0,0,0,0,0,0,"alternarialeaf-spot"
"train",6,1,2,2,0,1,1,0,1,2,0,1,2,0,1,0,0,0,0,0,0,0,0,0,0,0,0,0,0,0,0,0,0,0,0,"alternarialeaf-spot"
"train",5,1,2,2,0,3,1,1,0,2,0,1,2,0,1,0,0,0,0,0,0,0,0,0,0,0,0,0,0,0,0,0,0,0,0,"alternarialeaf-spot"
"train",5,1,2,2,0,3,3,1,1,1,0,1,2,0,1,0,0,0,0,0,0,0,0,0,0,0,0,0,0,0,0,0,0,0,0,"alternarialeaf-spot"
"train",4,1,2,1,0,2,1,0,0,2,0,1,2,0,1,1,0,0,0,0,0,0,0,0,0,0,0,0,0,0,0,0,0,0,0,"alternarialeaf-spot"
"train",6,1,1,2,0,2,2,0,2,0,0,1,2,0,1,0,0,0,0,0,0,0,0,0,0,0,0,0,0,1,0,1,0,0,0,"alternarialeaf-spot"
"train",4,1,2,1,0,1,2,1,1,2,0,1,2,0,1,0,0,0,0,0,0,0,0,0,0,0,0,0,0,0,0,0,0,0,0,"alternarialeaf-spot"
"train",6,1,2,2,0,2,1,0,1,2,0,1,2,0,1,0,0,0,0,0,0,0,0,0,0,0,0,0,0,0,0,0,0,0,0,"alternarialeaf-spot"
"train",4,1,2,1,0,0,3,0,0,2,0,1,2,0,1,0,0,0,0,0,0,0,0,0,0,0,0,0,0,0,0,0,0,0,0,"alternarialeaf-spot"
"train",4,0,2,2,0,3,3,1,0,0,0,1,2,0,1,0,0,0,0,0,0,0,0,0,0,0,0,0,0,0,0,0,0,0,0,"alternarialeaf-spot"
"train",5,0,2,2,0,2,3,1,0,1,0,1,2,0,1,0,0,0,0,0,0,0,0,0,0,0,0,0,0,0,0,0,0,0,0,"alternarialeaf-spot"
"train",3,0,2,1,0,0,0,1,0,0,0,1,2,0,1,0,0,0,0,0,0,0,0,0,0,0,0,0,0,0,0,0,0,0,0,"alternarialeaf-spot"
"train",5,0,2,1,0,1,2,0,1,0,0,1,2,0,1,1,0,0,0,0,0,0,0,0,0,0,0,0,0,0,0,0,0,0,0,"alternarialeaf-spot"
"train",5,0,2,2,0,1,1,0,1,1,0,1,2,0,1,0,0,0,0,0,0,0,0,0,0,0,0,0,0,0,0,0,0,0,0,"alternarialeaf-spot"
"train",4,0,2,2,0,1,1,1,0,2,0,1,2,0,1,0,0,0,0,0,0,0,0,0,0,0,0,0,0,0,0,0,0,0,0,"alternarialeaf-spot"
"train",5,1,2,1,0,3,3,0,1,2,0,1,2,0,1,1,0,0,0,0,0,0,0,0,0,0,0,0,0,0,0,0,0,0,0,"alternarialeaf-spot"
"train",6,0,2,1,0,2,1,0,0,1,0,1,2,0,1,1,0,0,0,0,0,0,0,0,0,0,0,0,0,0,0,0,0,0,0,"alternarialeaf-spot"
"train",5,0,2,1,0,0,3,0,0,0,0,1,2,0,1,0,0,0,0,0,0,0,0,0,0,0,0,0,0,0,0,0,0,0,0,"alternarialeaf-spot"
"train",6,0,2,1,0,0,3,0,0,1,0,1,2,0,1,0,0,0,0,0,0,0,0,0,0,0,0,0,0,0,0,0,0,0,0,"alternarialeaf-spot"
"train",5,1,2,2,0,2,1,1,0,2,0,1,2,0,1,0,0,0,0,0,0,0,0,0,0,0,0,0,0,0,0,0,0,0,0,"alternarialeaf-spot"
"train",5,0,2,1,0,3,0,0,1,0,0,1,2,0,1,1,0,0,0,0,0,0,0,0,0,0,0,0,0,0,0,0,0,0,0,"alternarialeaf-spot"
"train",6,0,2,1,0,1,2,0,1,1,0,1,2,0,1,1,0,0,0,0,0,0,0,0,0,0,0,0,0,0,0,0,0,0,0,"alternarialeaf-spot"
"train",6,0,1,2,0,3,3,0,0,0,0,1,2,0,1,0,0,0,1,0,3,2,1,1,0,0,0,1,2,1,0,0,0,0,0,"frog-eye-leaf-spot"
"train",4,0,1,2,0,1,1,0,1,1,0,1,2,0,1,0,0,0,0,0,0,0,0,0,0,0,0,0,0,0,0,0,0,0,0,"frog-eye-leaf-spot"
"train",5,0,1,1,0,2,1,0,0,0,0,1,2,0,1,0,0,0,1,0,3,1,0,1,0,0,0,0,0,0,0,0,0,0,0,"frog-eye-leaf-spot"
"train",5,1,2,1,0,3,2,0,0,2,0,1,2,0,1,0,0,0,0,0,0,0,0,0,0,0,0,0,0,0,0,0,0,0,0,"frog-eye-leaf-spot"
"train",6,1,2,2,0,3,3,0,1,2,0,1,2,0,1,0,0,0,1,0,3,2,0,1,0,0,0,1,1,0,0,0,0,0,0,"frog-eye-leaf-spot"
"train",4,0,1,1,0,3,3,1,1,0,0,1,2,0,1,0,0,0,0,0,0,0,0,0,0,0,0,0,0,0,0,0,0,0,0,"frog-eye-leaf-spot"
"train",3,0,2,1,0,2,3,0,1,1,0,1,2,0,1,0,0,0,1,0,3,2,0,1,0,0,0,1,1,0,0,0,0,0,0,"frog-eye-leaf-spot"
"train",5,0,2,2,0,2,2,0,0,1,0,1,2,0,1,0,0,0,1,0,3,2,0,1,0,0,0,1,1,0,0,0,0,0,0,"frog-eye-leaf-spot"
"train",5,0,2,1,0,1,1,1,1,0,0,1,2,0,1,0,0,0,0,0,0,0,0,0,0,0,0,0,0,0,0,0,0,0,0,"frog-eye-leaf-spot"
"train",5,0,2,2,0,2,3,0,1,1,0,1,2,0,1,0,0,0,1,0,3,2,0,1,0,0,0,1,1,0,0,0,0,0,0,"frog-eye-leaf-spot"
"train",5,0,2,1,0,0,1,0,1,1,0,1,2,0,1,0,0,0,1,0,3,2,0,1,0,0,0,1,1,0,0,0,0,0,0,"frog-eye-leaf-spot"
"train",4,0,2,1,0,2,3,0,1,0,0,1,2,0,1,0,0,0,0,0,0,0,0,0,0,0,0,0,0,0,0,0,0,0,0,"frog-eye-leaf-spot"
"train",4,0,2,2,0,1,1,1,1,0,0,1,2,0,1,0,0,0,1,0,3,2,0,1,0,0,0,1,1,0,0,0,0,0,0,"frog-eye-leaf-spot"
"train",4,0,2,1,0,2,1,1,1,1,0,1,2,0,1,0,0,0,1,0,3,1,0,1,0,0,0,1,1,0,0,0,0,0,0,"frog-eye-leaf-spot"
"train",3,1,2,1,0,3,2,1,0,2,0,1,2,0,1,0,0,0,1,0,3,2,0,1,0,0,0,1,1,0,0,0,0,0,0,"frog-eye-leaf-spot"
"train",5,0,2,1,0,3,0,1,0,1,0,1,2,0,1,0,0,0,1,0,3,1,0,1,0,0,0,1,1,0,0,0,0,0,0,"frog-eye-leaf-spot"
"train",5,0,2,2,0,1,1,0,1,0,0,1,2,0,1,0,0,0,1,0,3,2,0,1,0,0,0,1,1,0,0,0,0,0,0,"frog-eye-leaf-spot"
"train",4,0,2,2,0,1,2,1,0,0,0,1,2,0,1,0,0,0,1,0,3,2,0,1,0,0,0,1,1,0,0,0,0,0,0,"frog-eye-leaf-spot"
"train",5,0,2,2,0,2,1,0,1,1,0,1,2,0,1,0,0,0,1,0,3,2,0,1,0,0,0,1,1,0,0,0,0,0,0,"frog-eye-leaf-spot"
"train",5,0,2,1,0,3,0,1,0,0,0,1,2,0,1,0,0,0,1,0,3,1,0,1,0,0,0,1,1,0,0,0,0,0,0,"frog-eye-leaf-spot"
"train",3,0,2,1,0,1,2,1,0,1,0,1,2,0,1,0,0,0,0,0,0,0,0,0,0,0,0,0,0,0,0,0,0,0,0,"frog-eye-leaf-spot"
"train",6,0,1,2,0,3,3,0,1,0,0,1,2,0,1,0,0,0,1,0,3,2,1,0,0,0,0,1,2,1,0,1,1,1,0,"frog-eye-leaf-spot"
"train",5,0,1,1,0,1,3,1,2,0,0,1,2,0,1,0,0,0,1,0,3,0,1,0,0,0,0,1,1,0,0,0,0,0,0,"frog-eye-leaf-spot"
"train",5,0,2,1,0,3,2,1,0,0,0,1,2,0,1,0,0,0,1,0,3,1,0,1,0,0,0,1,1,0,0,0,0,0,0,"frog-eye-leaf-spot"
"train",5,1,2,1,0,3,3,0,1,2,0,1,2,0,1,0,0,0,0,0,0,0,0,0,0,0,0,0,0,0,0,0,0,0,0,"frog-eye-leaf-spot"
"train",3,1,2,1,0,3,0,1,0,2,0,1,2,0,1,0,0,0,0,0,0,0,0,0,0,0,0,0,0,0,0,0,0,0,0,"frog-eye-leaf-spot"
"train",6,1,2,2,0,3,1,0,1,2,0,1,2,0,1,0,0,0,1,0,3,2,0,1,0,0,0,1,1,0,0,0,0,0,0,"frog-eye-leaf-spot"
"train",4,0,2,1,0,1,2,1,0,1,0,1,2,0,1,0,0,0,0,0,0,0,0,0,0,0,0,0,0,0,0,0,0,0,0,"frog-eye-leaf-spot"
"train",4,0,2,2,0,1,0,1,0,0,0,1,2,0,1,0,0,0,1,0,3,2,0,1,0,0,0,1,1,0,0,0,0,0,0,"frog-eye-leaf-spot"
"train",6,1,2,2,0,3,0,0,0,2,0,1,2,0,1,0,0,0,1,0,3,2,0,1,0,0,0,1,1,0,0,0,0,0,0,"frog-eye-leaf-spot"
"train",5,1,2,2,0,3,3,0,1,2,0,1,2,0,1,0,0,0,1,0,3,2,0,1,0,0,0,1,1,0,0,0,0,0,0,"frog-eye-leaf-spot"
"train",4,0,2,1,0,0,1,1,1,0,0,1,2,0,1,0,0,0,0,0,0,0,0,0,0,0,0,0,0,0,0,0,0,0,0,"frog-eye-leaf-spot"
"train",4,0,2,1,0,2,3,1,1,1,0,1,2,0,1,0,0,0,1,0,3,1,0,1,0,0,0,1,1,0,0,0,0,0,0,"frog-eye-leaf-spot"
"train",4,1,1,2,0,1,1,0,2,2,1,1,2,0,1,0,0,0,0,0,0,0,0,0,0,0,0,0,0,0,0,0,0,0,0,"frog-eye-leaf-spot"
"train",4,0,2,1,0,2,0,0,0,1,0,1,2,0,1,0,0,0,0,0,0,0,0,0,0,0,0,0,0,0,0,0,0,0,0,"frog-eye-leaf-spot"
"train",5,1,2,1,0,1,2,1,0,2,0,1,2,0,1,0,0,0,0,0,0,0,0,0,0,0,0,0,0,0,0,0,0,0,0,"frog-eye-leaf-spot"
"train",4,0,2,2,0,1,3,1,1,0,0,1,2,0,1,0,0,0,1,0,3,2,0,1,0,0,0,1,1,0,0,0,0,0,0,"frog-eye-leaf-spot"
"train",5,0,2,1,0,1,2,0,0,0,0,1,2,0,1,0,0,0,1,0,3,2,0,1,0,0,0,1,1,0,0,0,0,0,0,"frog-eye-leaf-spot"
"train",5,0,2,2,0,2,0,0,0,1,0,1,2,0,1,0,0,0,1,0,3,2,0,1,0,0,0,1,1,0,0,0,0,0,0,"frog-eye-leaf-spot"
"train",5,1,2,1,0,2,3,0,1,2,0,1,2,0,1,0,0,0,1,0,3,2,0,1,0,0,0,1,1,0,0,0,0,0,0,"frog-eye-leaf-spot"
"train",5,0,2,2,,3,3,,,0,0,0,,,,,,,1,,0,0,1,0,0,0,0,1,2,0,1,1,1,1,,"diaporthe-pod-&-stem-blight"
"train",6,0,2,2,,2,3,,,1,0,0,,,,,,,1,,0,0,1,0,0,0,0,1,2,1,1,1,1,1,,"diaporthe-pod-&-stem-blight"
"train",5,0,2,2,,3,3,,,0,0,0,,,,,,,1,,0,0,1,0,0,0,0,1,2,1,1,1,1,1,,"diaporthe-pod-&-stem-blight"
"train",1,1,1,2,,3,0,,,2,0,0,,,,,,,1,,0,0,1,0,0,0,0,1,2,0,1,1,1,1,,"diaporthe-pod-&-stem-blight"
"train",5,,2,2,,2,3,,,,0,0,,,,,,,1,,0,0,1,0,0,0,0,1,2,1,1,1,1,1,,"diaporthe-pod-&-stem-blight"
"train",5,0,2,2,,2,3,,,0,0,0,,,,,,,1,,0,0,1,0,0,0,0,1,2,1,1,1,1,1,,"diaporthe-pod-&-stem-blight"
"train",2,,,,,2,1,,,,1,1,,,,,,,0,,,,,,,,,2,,1,0,,1,,2,"cyst-nematode"
"train",3,,,,,3,2,,,,1,1,,,,,,,0,,,,,,,,,2,,1,0,,1,,2,"cyst-nematode"
"train",4,,,,,3,2,,,,1,1,,,,,,,0,,,,,,,,,2,,1,0,,1,,2,"cyst-nematode"
"train",3,,,,,2,1,,,,1,1,,,,,,,0,,,,,,,,,2,,1,0,,1,,2,"cyst-nematode"
"train",3,,,,,2,1,,,,1,1,,,,,,,0,,,,,,,,,2,,1,0,,1,,2,"cyst-nematode"
"train",4,,,,,2,1,,,,1,1,,,,,,,0,,,,,,,,,2,,1,0,,1,,2,"cyst-nematode"
"train",,,,,,,,,,,,1,0,2,2,,1,,,,,,,,,,,,,,,,,,,"2-4-d-injury"
"train",1,1,,0,,1,0,,,,1,1,2,1,1,0,1,,1,,,,,,,,,3,,,,,,,1,"herbicide-injury"
"train",0,1,,0,,0,3,,,,1,1,0,2,2,0,1,,1,,,,,,,,,3,,,,,,,1,"herbicide-injury"
"train",1,1,,0,,0,0,,,,1,1,0,2,2,0,1,,1,,,,,,,,,3,,,,,,,1,"herbicide-injury"
"train",1,1,,0,,1,3,,,,1,1,2,1,1,0,1,,1,,,,,,,,,3,,,,,,,1,"herbicide-injury"
"test",6,0,2,1,0,1,0,1,0,2,1,1,0,2,2,0,0,0,1,0,3,1,1,1,0,0,0,0,4,0,0,0,0,0,0,"diaporthe-stem-canker"
"test",3,0,2,1,0,2,0,2,1,1,1,1,0,2,2,0,0,0,1,0,3,0,1,1,0,0,0,0,4,0,0,0,0,0,0,"diaporthe-stem-canker"
"test",4,0,2,1,0,3,0,2,0,2,1,1,0,2,2,0,0,0,1,0,3,1,1,1,0,0,0,0,4,0,0,0,0,0,0,"diaporthe-stem-canker"
"test",5,0,2,1,0,1,0,1,0,1,1,1,0,2,2,0,0,0,1,0,3,0,1,1,0,0,0,0,4,0,0,0,0,0,0,"diaporthe-stem-canker"
"test",3,0,2,1,0,3,0,1,0,1,1,1,0,2,2,0,0,0,1,0,3,0,1,1,0,0,0,0,4,0,0,0,0,0,0,"diaporthe-stem-canker"
"test",5,0,2,1,0,2,0,1,1,0,1,1,0,2,2,0,0,0,1,0,3,0,1,1,0,0,0,0,4,0,0,0,0,0,0,"diaporthe-stem-canker"
"test",5,0,2,1,0,3,1,1,1,2,1,1,0,2,2,0,0,0,1,1,3,0,1,1,0,0,0,0,4,0,0,0,0,0,0,"diaporthe-stem-canker"
"test",3,0,2,1,0,2,1,1,0,1,1,1,0,2,2,0,0,0,1,1,3,0,1,1,0,0,0,0,4,0,0,0,0,0,0,"diaporthe-stem-canker"
"test",4,0,2,1,0,3,0,1,1,2,1,1,0,2,2,0,0,0,1,1,3,0,1,1,0,0,0,0,4,0,0,0,0,0,0,"diaporthe-stem-canker"
"test",6,0,2,1,0,3,0,1,1,1,1,1,0,2,2,0,0,0,1,1,3,1,1,1,0,0,0,0,4,0,0,0,0,0,0,"diaporthe-stem-canker"
"test",4,0,0,1,0,2,3,1,1,1,1,1,0,2,2,0,0,0,1,0,0,3,0,0,0,2,1,0,4,0,0,0,0,0,0,"charcoal-rot"
"test",5,0,0,2,0,3,2,1,0,2,1,1,0,2,2,0,0,0,1,0,0,3,0,0,0,2,1,0,4,0,0,0,0,0,0,"charcoal-rot"
"test",4,0,0,2,0,3,3,1,1,1,1,1,0,2,2,0,0,0,1,0,0,3,0,0,0,2,1,0,4,0,0,0,0,0,0,"charcoal-rot"
"test",5,0,0,2,0,0,2,1,0,2,1,1,0,2,2,0,0,0,1,0,0,3,0,0,0,2,1,0,4,0,0,0,0,0,0,"charcoal-rot"
"test",5,0,0,2,1,2,2,1,0,2,1,1,0,2,2,0,0,0,1,1,0,3,0,0,0,2,1,0,4,0,0,0,0,0,0,"charcoal-rot"
"test",3,0,0,2,1,0,2,1,0,1,1,1,0,2,2,0,0,0,1,0,0,3,0,0,0,2,1,0,4,0,0,0,0,0,0,"charcoal-rot"
"test",4,0,0,2,1,1,3,1,1,2,1,1,0,2,2,0,0,0,1,0,0,3,0,0,0,2,1,0,4,0,0,0,0,0,0,"charcoal-rot"
"test",5,0,0,2,1,2,2,1,0,0,1,1,0,2,2,0,0,0,1,0,0,3,0,0,0,2,1,0,4,0,0,0,0,0,0,"charcoal-rot"
"test",6,0,0,2,1,3,3,1,1,1,1,1,0,2,2,0,0,0,1,0,0,3,0,0,0,2,1,0,4,0,0,0,0,0,0,"charcoal-rot"
"test",6,0,0,2,1,3,3,1,1,0,1,1,0,2,2,0,0,0,1,0,0,3,0,0,0,2,1,0,4,0,0,0,0,0,0,"charcoal-rot"
"test",0,1,2,0,0,0,1,1,0,1,1,0,0,2,2,0,0,0,1,0,1,1,0,1,0,0,0,3,4,0,0,0,0,0,1,"rhizoctonia-root-rot"
"test",0,1,2,0,0,3,1,2,0,2,1,0,0,2,2,0,0,0,1,0,1,1,0,1,0,0,0,3,4,0,0,0,0,0,0,"rhizoctonia-root-rot"
"test",0,1,2,0,0,2,1,1,1,1,1,0,0,2,2,0,0,0,1,0,1,1,0,1,0,0,0,3,4,0,0,0,0,0,0,"rhizoctonia-root-rot"
"test",2,1,2,0,0,0,1,1,0,1,1,0,0,2,2,0,0,0,1,0,1,1,0,1,0,0,0,3,4,0,0,0,0,0,0,"rhizoctonia-root-rot"
"test",1,1,2,0,0,2,1,1,0,1,1,0,0,2,2,0,0,0,1,0,1,1,0,1,0,0,0,3,4,0,0,0,0,0,0,"rhizoctonia-root-rot"
"test",2,1,2,0,0,3,1,2,0,1,1,0,0,2,2,0,0,0,1,0,1,1,0,1,0,0,0,3,4,0,0,0,0,0,0,"rhizoctonia-root-rot"
"test",2,1,2,0,0,2,1,1,0,2,1,0,0,2,2,0,0,0,1,0,1,1,0,1,1,0,0,3,4,0,0,0,0,0,0,"rhizoctonia-root-rot"
"test",4,0,2,0,1,0,1,2,0,2,1,1,0,2,2,0,0,0,1,1,1,1,0,1,1,0,0,3,4,0,0,0,0,0,0,"rhizoctonia-root-rot"
"test",0,1,2,0,0,1,1,1,1,1,1,0,0,2,2,0,0,0,1,0,1,1,0,1,1,0,0,3,4,0,0,0,0,0,0,"rhizoctonia-root-rot"
"test",2,1,2,0,0,3,1,2,0,2,1,0,0,2,2,0,0,0,1,0,1,1,0,1,1,0,0,3,4,0,0,0,0,0,0,"rhizoctonia-root-rot"
"test",2,1,1,0,0,3,1,2,0,2,1,1,0,2,2,0,0,0,1,0,1,2,0,0,0,0,0,3,4,0,0,0,0,0,0,"phytophthora-rot"
"test",1,1,2,0,0,3,1,1,1,2,1,1,0,2,2,0,0,0,1,0,2,2,0,0,0,0,0,3,4,0,0,0,0,0,0,"phytophthora-rot"
"test",2,1,2,1,1,3,1,2,1,2,1,1,0,2,2,0,0,0,1,0,2,2,0,1,0,0,0,3,4,0,0,0,0,0,0,"phytophthora-rot"
"test",1,1,2,1,1,2,3,1,1,1,1,1,0,2,2,0,0,0,1,0,2,2,0,1,0,0,0,3,4,0,0,0,0,0,0,"phytophthora-rot"
"test",3,1,1,1,,2,1,,,,1,1,0,2,2,0,0,0,1,,3,2,,0,0,0,0,,,,,,,,1,"phytophthora-rot"
"test",3,1,1,1,,3,1,,,,1,1,0,2,2,0,0,0,1,,2,2,,0,0,0,0,,,,,,,,1,"phytophthora-rot"
"test",0,1,2,2,,3,1,,,,1,1,,,,,,,1,,3,2,,0,0,0,0,,,,,,,,1,"phytophthora-rot"
"test",1,1,2,1,,2,1,,,,1,1,,,,,,,1,,1,2,,0,0,0,0,,,,,,,,1,"phytophthora-rot"
"test",1,1,2,1,,0,1,,,,1,1,,,,,,,1,,0,2,,2,0,0,0,,,,,,,,1,"phytophthora-rot"
"test",4,1,1,2,,3,1,,,,1,1,,,,,,,1,,3,2,,0,0,0,0,,,,,,,,1,"phytophthora-rot"
"test",1,1,2,2,,2,1,,,,1,1,,,,,,,1,,1,2,,2,0,0,0,,,,,,,,1,"phytophthora-rot"
"test",2,1,2,1,,3,1,,,,1,1,,,,,,,1,,1,2,,0,0,0,0,,,,,,,,1,"phytophthora-rot"
"test",3,1,2,2,,2,1,,,,1,1,,,,,,,1,,3,2,,0,0,0,0,,,,,,,,1,"phytophthora-rot"
"test",4,1,1,1,,3,1,,,,1,1,,,,,,,1,,3,2,,0,0,0,0,,,,,,,,1,"phytophthora-rot"
"test",1,1,2,1,,2,1,,,,1,1,,,,,,,1,,1,2,,2,0,0,0,,,,,,,,1,"phytophthora-rot"
"test",1,1,2,1,,3,1,,,,1,1,,,,,,,1,,3,2,,2,0,0,0,,,,,,,,1,"phytophthora-rot"
"test",1,1,2,2,,1,1,,,,1,1,,,,,,,1,,3,2,,2,0,0,0,,,,,,,,1,"phytophthora-rot"
"test",2,1,1,2,,2,1,,,,1,1,,,,,,,1,,1,2,,2,0,0,0,,,,,,,,1,"phytophthora-rot"
"test",3,1,1,1,,3,1,,,,1,1,,,,,,,1,,2,2,,0,0,0,0,,,,,,,,1,"phytophthora-rot"
"test",3,1,1,1,,1,1,,,,1,1,,,,,,,1,,3,2,,0,0,0,0,,,,,,,,1,"phytophthora-rot"
"test",1,1,2,2,,1,1,,,,1,1,,,,,,,1,,0,2,,2,0,0,0,,,,,,,,1,"phytophthora-rot"
"test",2,1,2,2,,2,1,,,,1,1,,,,,,,1,,2,2,,0,0,0,0,,,,,,,,1,"phytophthora-rot"
"test",3,1,1,1,,3,1,,,,1,1,,,,,,,1,,3,2,,0,0,0,0,,,,,,,,1,"phytophthora-rot"
"test",4,1,1,1,,2,1,,,,1,1,,,,,,,1,,3,2,,0,0,0,0,,,,,,,,1,"phytophthora-rot"
"test",1,1,2,2,,3,1,,,,1,1,,,,,,,1,,0,2,,2,0,0,0,,,,,,,,1,"phytophthora-rot"
"test",2,1,2,2,,2,1,,,,1,1,,,,,,,1,,2,2,,0,0,0,0,,,,,,,,1,"phytophthora-rot"
"test",3,1,1,1,,3,1,,,,1,1,,,,,,,1,,3,2,,0,0,0,0,,,,,,,,1,"phytophthora-rot"
"test",4,1,1,1,,2,1,,,,1,1,,,,,,,1,,3,2,,0,0,0,0,,,,,,,,1,"phytophthora-rot"
"test",1,1,2,2,,3,1,,,,1,1,,,,,,,1,,0,2,,2,0,0,0,,,,,,,,1,"phytophthora-rot"
"test",2,1,2,2,,2,1,,,,1,1,,,,,,,1,,2,2,,0,0,0,0,,,,,,,,1,"phytophthora-rot"
"test",3,1,1,1,,3,1,,,,1,1,,,,,,,1,,3,2,,0,0,0,0,,,,,,,,1,"phytophthora-rot"
"test",1,1,2,2,,2,1,,,,1,1,,,,,,,1,,0,2,,2,0,0,0,,,,,,,,1,"phytophthora-rot"
"test",2,1,2,1,,3,1,,,,1,1,,,,,,,1,,2,2,,0,0,0,0,,,,,,,,1,"phytophthora-rot"
"test",3,1,2,1,,1,1,,,,1,1,,,,,,,1,,3,2,,0,0,0,0,,,,,,,,1,"phytophthora-rot"
"test",1,1,2,2,,2,1,,,,1,1,,,,,,,1,,0,2,,2,0,0,0,,,,,,,,1,"phytophthora-rot"
"test",2,1,2,2,,3,1,,,,1,1,,,,,,,1,,2,2,,0,0,0,0,,,,,,,,1,"phytophthora-rot"
"test",3,1,1,1,,2,1,,,,1,1,,,,,,,1,,3,2,,0,0,0,0,,,,,,,,1,"phytophthora-rot"
"test",4,1,1,1,,3,1,,,,1,1,,,,,,,1,,3,2,,0,0,0,0,,,,,,,,1,"phytophthora-rot"
"test",1,1,2,1,,2,1,,,,1,1,,,,,,,1,,2,2,,2,0,0,0,,,,,,,,1,"phytophthora-rot"
"test",2,1,2,1,,3,1,,,,1,1,,,,,,,1,,3,2,,0,0,0,0,,,,,,,,1,"phytophthora-rot"
"test",3,1,1,1,,1,1,,,,1,1,,,,,,,1,,3,2,,0,0,0,0,,,,,,,,1,"phytophthora-rot"
"test",4,1,1,1,,1,1,,,,1,1,,,,,,,1,,3,2,,0,0,0,0,,,,,,,,1,"phytophthora-rot"
"test",1,1,2,2,,2,1,,,,1,1,,,,,,,1,,2,2,,2,0,0,0,,,,,,,,1,"phytophthora-rot"
"test",2,1,2,2,,3,1,,,,1,1,,,,,,,1,,3,2,,0,0,0,0,,,,,,,,1,"phytophthora-rot"
"test",3,1,1,1,,2,1,,,,1,1,,,,,,,1,,3,2,,0,0,0,0,,,,,,,,1,"phytophthora-rot"
"test",2,1,1,1,,3,1,,,,1,1,,,,,,,1,,3,2,,0,0,0,0,,,,,,,,1,"phytophthora-rot"
"test",3,1,1,1,,2,1,,,,1,1,,,,,,,1,,3,2,,0,0,0,0,,,,,,,,1,"phytophthora-rot"
"test",3,1,1,1,,3,1,,,,1,1,,,,,,,1,,3,2,,0,0,0,0,,,,,,,,1,"phytophthora-rot"
"test",3,0,0,0,1,1,0,2,0,0,1,1,2,0,1,0,0,0,1,1,0,3,0,0,0,1,0,0,4,0,0,0,0,0,0,"brown-stem-rot"
"test",4,0,1,0,1,2,2,1,1,1,1,0,0,2,2,0,0,0,1,1,0,3,0,0,0,1,0,0,4,0,0,0,0,0,0,"brown-stem-rot"
"test",3,0,0,0,1,3,2,2,0,1,1,1,2,0,1,0,0,0,1,1,0,3,0,0,0,1,0,0,4,0,0,0,0,0,0,"brown-stem-rot"
"test",5,0,0,1,1,3,0,1,0,0,1,1,2,0,2,0,0,0,1,1,0,3,0,0,0,1,0,0,4,0,0,0,0,0,0,"brown-stem-rot"
"test",6,0,0,1,1,2,1,1,1,1,1,1,2,0,1,0,0,0,1,1,0,3,0,0,0,1,0,0,4,0,0,0,0,0,0,"brown-stem-rot"
"test",4,0,1,0,1,3,2,2,0,2,1,0,0,2,2,0,0,0,1,1,0,3,0,0,0,1,0,0,4,0,0,0,0,0,0,"brown-stem-rot"
"test",5,0,0,2,0,2,3,1,0,2,0,1,0,2,2,0,0,0,1,0,0,0,0,0,0,1,0,0,0,0,0,0,0,0,0,"brown-stem-rot"
"test",5,0,0,1,0,1,0,1,1,0,0,1,0,2,2,0,0,0,1,0,0,0,0,0,0,1,0,0,0,0,0,0,0,0,0,"brown-stem-rot"
"test",4,0,0,1,0,3,2,1,0,1,0,1,0,2,2,0,0,0,1,0,0,0,0,0,0,1,0,0,0,0,0,0,0,0,0,"brown-stem-rot"
"test",5,0,0,1,0,2,3,1,0,2,0,1,0,2,2,0,0,0,1,0,0,0,0,0,0,1,0,0,0,0,0,0,0,0,0,"brown-stem-rot"
"test",5,0,0,1,0,2,2,1,1,1,0,1,0,2,2,0,0,0,1,0,0,0,0,0,0,1,0,0,0,0,0,0,0,0,0,"brown-stem-rot"
"test",3,1,1,0,0,2,0,2,0,2,1,0,0,2,2,0,0,0,1,1,0,3,0,0,0,1,0,0,4,0,0,0,0,0,0,"brown-stem-rot"
"test",5,1,1,1,0,2,3,2,0,0,1,0,0,2,2,0,0,0,1,1,0,3,0,0,0,1,0,0,4,0,0,0,0,0,0,"brown-stem-rot"
"test",4,1,0,0,0,2,2,2,0,1,1,1,2,0,1,0,0,0,1,0,0,3,0,0,0,1,0,0,4,0,0,0,0,0,0,"brown-stem-rot"
"test",5,1,1,0,0,3,3,1,1,2,1,0,0,2,2,0,0,0,1,1,0,3,0,0,0,1,0,0,4,0,0,0,0,0,0,"brown-stem-rot"
"test",4,1,1,0,0,3,1,1,1,0,1,0,0,2,2,0,0,0,1,0,0,3,0,0,0,1,0,0,4,0,0,0,0,0,0,"brown-stem-rot"
"test",6,1,1,1,0,3,3,1,1,1,1,0,0,2,2,0,0,0,1,1,0,3,0,0,0,1,0,0,4,0,0,0,0,0,0,"brown-stem-rot"
"test",3,0,0,1,0,2,2,1,0,1,0,1,0,2,2,0,0,0,1,0,0,0,0,0,0,1,0,0,0,0,0,0,0,0,0,"brown-stem-rot"
"test",5,0,0,2,0,3,0,1,0,2,0,1,0,2,2,0,0,0,1,0,0,0,0,0,0,1,0,0,0,0,0,0,0,0,0,"brown-stem-rot"
"test",3,0,0,1,0,2,2,1,1,1,0,1,0,2,2,0,0,0,1,0,0,0,0,0,0,1,0,0,0,0,0,0,0,0,0,"brown-stem-rot"
"test",4,0,0,1,0,1,3,1,0,0,0,1,0,2,2,0,0,0,1,0,0,0,0,0,0,1,0,0,0,0,0,0,0,0,0,"brown-stem-rot"
"test",5,0,0,2,0,2,0,1,1,0,0,1,0,2,2,0,0,0,1,0,0,0,0,0,0,1,0,0,0,0,0,0,0,0,0,"brown-stem-rot"
"test",4,0,0,1,0,1,0,1,0,0,0,1,0,2,2,0,0,0,1,0,0,0,0,0,0,1,0,0,0,0,0,0,0,0,0,"brown-stem-rot"
"test",5,0,0,2,0,3,2,1,1,1,0,1,0,2,2,0,0,0,1,0,0,0,0,0,0,1,0,0,0,0,0,0,0,0,0,"brown-stem-rot"
"test",1,0,0,0,1,0,0,0,0,0,0,1,0,2,2,0,0,1,0,0,0,0,0,0,0,0,0,0,0,0,0,0,0,0,0,"powdery-mildew"
"test",2,0,1,1,1,1,1,1,1,1,0,1,0,2,2,0,0,1,0,0,0,0,0,0,0,0,0,0,0,0,0,0,0,0,0,"powdery-mildew"
"test",3,0,2,0,1,2,2,0,0,2,0,1,0,2,2,0,0,1,0,0,0,0,0,0,0,0,0,0,0,0,0,0,0,0,0,"powdery-mildew"
"test",4,0,0,1,1,3,3,1,0,0,0,1,0,2,2,0,0,1,0,0,0,0,0,0,0,0,0,0,0,0,0,0,0,0,0,"powdery-mildew"
"test",5,0,1,0,1,0,0,0,0,1,0,1,0,2,2,0,0,1,0,0,0,0,0,0,0,0,0,0,0,0,0,0,0,0,0,"powdery-mildew"
"test",4,0,1,0,1,2,2,0,1,0,0,1,0,2,2,0,0,1,0,0,0,0,0,0,0,0,0,0,0,0,0,0,0,0,0,"powdery-mildew"
"test",3,1,0,1,0,3,3,1,1,2,0,1,0,2,2,0,0,1,0,0,0,0,0,0,0,0,0,0,0,0,0,0,0,0,0,"powdery-mildew"
"test",4,1,1,0,0,0,0,0,2,0,0,1,0,2,2,0,0,1,0,0,0,0,0,0,0,0,0,0,0,0,0,0,0,0,0,"powdery-mildew"
"test",2,1,1,0,0,0,0,0,0,1,0,1,0,2,2,0,0,1,0,0,0,0,0,0,0,0,0,0,0,0,0,0,0,0,0,"powdery-mildew"
"test",5,1,0,1,0,3,3,1,0,1,0,1,0,2,2,0,0,1,0,0,0,0,0,0,0,0,0,0,0,0,0,0,0,0,0,"powdery-mildew"
"test",3,0,2,0,1,2,2,1,0,1,0,1,1,0,1,0,0,2,0,0,0,0,0,0,0,0,0,0,0,1,1,0,0,0,0,"downy-mildew"
"test",4,0,2,1,1,3,3,1,1,2,0,1,2,0,1,0,1,2,0,0,0,0,0,0,0,0,0,0,0,1,1,0,0,0,0,"downy-mildew"
"test",5,0,2,1,1,1,0,1,0,1,0,1,1,0,1,0,0,2,0,0,0,0,0,0,0,0,0,0,0,1,1,0,0,0,0,"downy-mildew"
"test",2,0,2,0,1,0,3,1,1,2,0,1,2,0,1,0,0,2,0,0,0,0,0,0,0,0,0,0,0,1,1,0,0,0,0,"downy-mildew"
"test",3,0,2,1,1,1,0,1,0,1,0,1,2,0,1,0,1,2,0,0,0,0,0,0,0,0,0,0,0,1,1,0,0,0,0,"downy-mildew"
"test",6,1,2,0,0,1,3,0,1,2,0,1,2,0,1,0,1,2,0,0,0,0,0,0,0,0,0,0,0,1,1,0,0,0,0,"downy-mildew"
"test",3,1,2,2,0,3,1,1,1,2,0,1,1,0,1,0,0,2,0,0,0,0,0,0,0,0,0,0,0,1,1,0,0,0,0,"downy-mildew"
"test",5,1,2,1,0,2,3,0,1,2,0,1,1,0,1,0,0,2,0,0,0,0,0,0,0,0,0,0,0,1,1,0,0,0,0,"downy-mildew"
"test",3,1,2,1,0,1,1,0,1,2,0,1,2,0,1,0,0,2,0,0,0,0,0,0,0,0,0,0,0,1,1,0,0,0,0,"downy-mildew"
"test",5,1,2,0,0,3,3,0,1,2,0,1,2,0,1,0,0,2,0,0,0,0,0,0,0,0,0,0,0,1,1,0,0,0,0,"downy-mildew"
"test",1,1,2,1,0,3,2,1,0,2,0,1,2,0,1,0,0,0,1,0,3,1,1,0,0,0,0,0,0,0,0,0,0,0,0,"brown-spot"
"test",2,0,2,1,0,1,1,1,0,0,0,1,2,0,1,1,0,0,0,0,0,0,0,0,0,0,0,0,0,0,0,0,0,0,0,"brown-spot"
"test",3,0,2,1,0,2,3,1,0,1,0,1,2,0,1,0,0,0,0,0,0,0,0,0,0,0,0,0,0,0,0,0,0,0,0,"brown-spot"
"test",2,1,2,1,0,3,3,1,0,2,0,1,2,0,1,1,0,0,0,0,0,0,0,0,0,0,0,0,0,0,0,0,0,0,0,"brown-spot"
"test",2,0,2,1,0,2,2,1,0,1,0,1,2,0,1,1,0,0,1,0,3,1,1,0,0,0,0,0,0,0,0,0,0,0,0,"brown-spot"
"test",5,0,2,1,0,2,3,2,1,1,0,1,2,0,1,0,0,0,1,0,0,3,1,1,0,0,0,0,0,0,0,0,0,0,0,"brown-spot"
"test",2,0,2,1,0,3,3,1,1,1,0,1,2,0,1,1,0,0,0,0,0,0,0,0,0,0,0,0,0,0,0,0,0,0,0,"brown-spot"
"test",1,0,2,1,0,2,3,1,2,1,0,1,2,0,1,1,0,0,0,0,0,0,0,0,0,0,0,0,0,0,0,0,0,0,0,"brown-spot"
"test",2,1,1,1,1,2,2,1,1,2,1,1,2,0,1,0,0,0,0,0,0,0,0,0,0,0,0,0,0,0,0,0,0,0,0,"brown-spot"
"test",3,1,2,2,1,1,1,0,2,1,0,1,2,0,1,0,0,0,1,0,3,1,0,0,0,0,0,1,2,0,0,0,0,0,0,"brown-spot"
"test",0,0,1,1,0,0,0,0,0,0,0,1,2,0,1,0,0,0,0,0,0,0,0,0,0,0,0,0,0,0,0,0,0,0,0,"brown-spot"
"test",1,0,2,2,0,1,1,0,1,1,1,1,2,0,1,0,0,0,0,0,0,0,0,0,0,0,0,0,0,0,0,0,0,0,0,"brown-spot"
"test",2,0,1,1,0,2,2,1,2,2,0,1,2,0,1,0,0,0,0,0,0,0,0,0,0,0,0,0,0,0,0,0,0,0,0,"brown-spot"
"test",3,0,2,2,0,3,3,0,0,1,1,1,2,0,1,0,0,0,1,0,3,1,0,0,0,0,0,0,1,0,0,0,0,0,0,"brown-spot"
"test",4,0,1,1,0,1,0,1,1,2,0,1,2,0,1,0,0,0,1,0,3,1,1,0,0,0,0,1,2,0,0,0,0,0,0,"brown-spot"
"test",0,0,2,2,0,2,1,1,2,1,1,1,2,0,1,0,0,0,0,0,0,0,0,0,0,0,0,0,0,0,0,0,0,0,0,"brown-spot"
"test",1,0,1,1,0,3,2,0,0,2,0,1,2,0,1,0,0,0,0,0,0,0,0,0,0,0,0,0,0,0,0,0,0,0,0,"brown-spot"
"test",2,0,2,2,0,1,3,0,1,1,0,1,2,0,1,0,0,0,0,0,0,0,0,0,0,0,0,0,0,0,0,0,0,0,0,"brown-spot"
"test",0,0,1,1,0,2,0,0,2,2,1,1,2,0,1,0,0,0,0,0,0,0,0,0,0,0,0,0,0,0,0,0,0,0,0,"brown-spot"
"test",1,1,2,2,1,3,1,0,0,1,0,1,2,0,1,0,0,0,0,0,0,0,0,0,0,0,0,0,0,0,0,0,0,0,0,"brown-spot"
"test",1,0,2,1,0,1,1,1,0,0,0,1,2,0,1,0,0,0,0,0,0,0,0,0,0,0,0,0,0,0,0,0,0,0,0,"brown-spot"
"test",2,0,2,1,0,2,2,1,0,1,0,1,2,0,1,1,0,0,0,0,0,0,0,0,0,0,0,0,0,0,0,0,0,0,0,"brown-spot"
"test",3,1,2,1,0,3,3,1,0,2,0,1,2,0,1,0,0,0,1,0,3,1,1,0,0,0,0,0,0,0,0,0,0,0,0,"brown-spot"
"test",4,0,2,1,0,2,1,1,0,0,0,1,2,0,1,1,0,0,1,0,3,1,1,0,0,0,0,0,0,0,0,0,0,0,0,"brown-spot"
"test",5,0,2,1,0,3,2,1,0,1,0,1,2,0,1,0,0,0,1,0,3,1,1,0,0,0,0,0,0,0,0,0,0,0,0,"brown-spot"
"test",1,1,2,1,0,2,3,1,0,2,0,1,2,0,1,1,0,0,0,0,0,0,0,0,0,0,0,0,0,0,0,0,0,0,0,"brown-spot"
"test",2,0,2,1,0,3,3,1,0,0,0,1,2,0,1,1,0,0,0,0,0,0,0,0,0,0,0,0,0,0,0,0,0,0,0,"brown-spot"
"test",3,0,2,1,0,2,3,1,0,1,0,1,2,0,1,0,0,0,1,0,3,1,1,0,0,0,0,0,0,0,0,0,0,0,0,"brown-spot"
"test",1,1,2,1,0,3,3,1,0,2,0,1,2,0,1,1,0,0,0,0,0,0,0,0,0,0,0,0,0,0,0,0,0,0,0,"brown-spot"
"test",2,0,2,1,0,1,1,1,0,0,0,1,2,0,1,1,0,0,0,0,0,0,0,0,0,0,0,0,0,0,0,0,0,0,0,"brown-spot"
"test",3,0,2,1,0,2,2,1,0,1,0,1,2,0,1,0,0,0,1,0,3,1,1,0,0,0,0,0,0,0,0,0,0,0,0,"brown-spot"
"test",1,1,2,1,0,3,3,1,0,2,0,1,2,0,1,1,0,0,0,0,0,0,0,0,0,0,0,0,0,0,0,0,0,0,0,"brown-spot"
"test",2,0,2,1,0,2,3,1,0,0,0,1,2,0,1,1,0,0,0,0,0,0,0,0,0,0,0,0,0,0,0,0,0,0,0,"brown-spot"
"test",3,0,2,1,0,3,3,1,0,1,0,1,2,0,1,1,0,0,1,0,3,1,1,0,0,0,0,0,0,0,0,0,0,0,0,"brown-spot"
"test",1,1,2,1,0,2,1,1,0,2,0,1,2,0,1,1,0,0,0,0,0,0,0,0,0,0,0,0,0,0,0,0,0,0,0,"brown-spot"
"test",2,0,2,1,0,3,2,1,0,0,0,1,2,0,1,1,0,0,0,0,0,0,0,0,0,0,0,0,0,0,0,0,0,0,0,"brown-spot"
"test",3,0,2,1,0,2,3,1,0,1,0,1,2,0,1,0,0,0,1,0,3,1,1,0,0,0,0,0,0,0,0,0,0,0,0,"brown-spot"
"test",4,1,2,1,0,3,1,1,0,2,0,1,2,0,1,0,0,0,1,0,3,1,1,0,0,0,0,0,0,0,0,0,0,0,0,"brown-spot"
"test",5,0,2,1,0,1,2,1,0,0,0,1,2,0,1,0,0,0,1,0,3,1,1,0,0,0,0,0,0,0,0,0,0,0,0,"brown-spot"
"test",1,0,2,1,0,2,3,1,0,1,0,1,2,0,1,1,0,0,0,0,0,0,0,0,0,0,0,0,0,0,0,0,0,0,0,"brown-spot"
"test",2,1,2,1,0,3,3,1,0,2,0,1,2,0,1,1,0,0,0,0,0,0,0,0,0,0,0,0,0,0,0,0,0,0,0,"brown-spot"
"test",3,0,2,1,0,2,1,1,0,0,0,1,2,0,1,0,0,0,1,0,3,1,1,0,0,0,0,0,0,0,0,0,0,0,0,"brown-spot"
"test",4,0,2,1,0,3,3,1,0,1,0,1,2,0,1,0,0,0,1,0,3,1,1,0,0,0,0,0,0,0,0,0,0,0,0,"brown-spot"
"test",5,1,2,1,0,3,3,1,0,2,0,1,2,0,1,0,0,0,1,0,3,1,1,0,0,0,0,0,0,0,0,0,0,0,0,"brown-spot"
"test",1,0,2,1,0,1,1,1,0,0,0,1,2,0,1,0,0,0,0,0,0,0,0,0,0,0,0,0,0,0,0,0,0,0,0,"brown-spot"
"test",2,0,2,1,0,2,2,1,0,1,0,1,2,0,1,0,0,0,0,0,0,0,0,0,0,0,0,0,0,0,0,0,0,0,0,"brown-spot"
"test",3,1,2,1,0,3,3,1,0,2,0,1,2,0,1,1,0,0,1,0,3,1,1,0,0,0,0,0,0,0,0,0,0,0,0,"brown-spot"
"test",1,0,2,1,0,1,1,1,0,0,0,1,2,0,1,1,0,0,1,0,3,1,1,0,0,0,0,0,0,0,0,0,0,0,0,"brown-spot"
"test",2,0,2,1,0,2,2,1,0,1,0,1,2,0,1,1,0,0,1,0,3,1,1,0,0,0,0,0,0,0,0,0,0,0,0,"brown-spot"
"test",3,1,2,1,0,3,3,1,0,2,0,1,2,0,1,1,0,0,1,0,3,1,1,0,0,0,0,0,0,0,0,0,0,0,0,"brown-spot"
"test",1,0,2,1,0,1,3,1,0,0,0,1,2,0,1,1,0,0,1,0,3,1,1,0,0,0,0,0,0,0,0,0,0,0,0,"brown-spot"
"test",2,0,2,1,0,2,2,1,0,1,0,1,2,0,1,1,0,0,1,0,3,1,1,0,0,0,0,0,0,0,0,0,0,0,0,"brown-spot"
"test",3,0,2,1,1,1,1,1,1,1,0,1,2,0,0,1,0,0,0,0,0,0,0,0,0,0,0,0,0,0,0,0,0,0,0,"bacterial-blight"
"test",4,1,1,1,0,2,2,0,0,2,0,1,1,0,0,1,0,0,0,0,0,0,0,0,0,0,0,0,0,0,0,0,0,0,0,"bacterial-blight"
"test",2,1,1,1,0,1,0,0,0,2,0,1,1,0,0,0,0,0,0,0,0,0,0,0,0,0,0,0,0,0,0,0,0,0,0,"bacterial-blight"
"test",4,0,1,2,0,3,2,0,0,1,0,1,1,0,0,1,0,0,0,0,0,0,0,0,0,0,0,0,0,0,0,0,0,0,0,"bacterial-blight"
"test",5,1,2,1,1,1,3,1,1,2,1,1,2,0,0,1,0,0,0,0,0,0,0,0,0,0,0,0,0,0,0,0,0,0,0,"bacterial-blight"
"test",3,0,1,1,0,2,0,0,0,0,1,1,1,0,0,1,0,0,0,0,0,0,0,0,0,0,0,0,0,0,0,0,0,0,0,"bacterial-blight"
"test",4,0,2,1,1,3,1,1,1,1,0,1,2,0,0,0,1,0,0,0,0,0,0,0,0,0,0,0,0,0,0,0,0,0,0,"bacterial-blight"
"test",3,0,2,1,1,1,2,1,1,1,1,1,2,0,0,1,0,0,0,0,0,0,0,0,0,0,0,0,0,0,0,0,0,0,0,"bacterial-blight"
"test",4,1,1,1,0,2,3,0,0,2,0,1,1,0,0,1,0,0,0,0,0,0,0,0,0,0,0,0,0,0,0,0,0,0,0,"bacterial-blight"
"test",5,0,2,1,1,3,0,1,1,1,1,1,2,0,0,1,0,0,0,0,0,0,0,0,0,0,0,0,0,0,0,0,0,0,0,"bacterial-blight"
"test",3,0,1,0,1,3,3,0,0,1,0,1,1,1,0,0,0,0,0,0,0,0,0,0,0,0,0,0,0,1,1,1,0,0,0,"bacterial-pustule"
"test",1,1,1,1,0,1,0,0,1,2,0,1,1,1,0,1,0,0,0,0,0,0,0,0,0,0,0,0,0,0,0,0,1,0,1,"bacterial-pustule"
"test",2,0,1,2,1,2,1,0,0,1,0,1,2,1,0,1,0,0,0,0,0,0,0,0,0,0,0,0,0,1,1,1,0,0,0,"bacterial-pustule"
"test",3,1,1,1,0,3,2,0,0,2,0,1,2,0,0,0,0,0,0,0,0,0,0,0,0,0,0,0,0,0,0,0,0,0,1,"bacterial-pustule"
"test",2,0,2,1,1,3,1,1,1,1,0,1,1,1,0,1,0,0,0,0,0,0,0,0,0,0,0,0,0,1,1,1,0,0,0,"bacterial-pustule"
"test",2,0,2,1,1,1,3,1,0,1,0,1,1,1,0,1,0,0,0,0,0,0,0,0,0,0,0,0,0,1,1,1,0,0,0,"bacterial-pustule"
"test",1,0,1,1,1,3,1,0,1,1,0,1,1,0,0,1,0,0,0,0,0,0,0,0,0,0,0,0,0,1,1,1,1,0,0,"bacterial-pustule"
"test",2,1,2,2,0,1,2,1,1,2,0,1,1,1,0,1,0,0,0,0,0,0,0,0,0,0,0,0,0,0,0,0,0,0,1,"bacterial-pustule"
"test",5,0,1,2,1,0,1,0,0,1,1,1,1,1,0,0,1,0,0,0,0,0,0,0,0,0,0,0,0,1,1,1,0,0,0,"bacterial-pustule"
"test",2,1,2,0,0,1,2,1,0,2,0,1,1,1,0,1,1,0,0,0,0,0,0,0,0,0,0,0,0,0,0,0,0,0,1,"bacterial-pustule"
"test",5,0,2,2,1,2,2,0,0,1,0,1,2,0,0,0,0,0,0,1,0,3,0,0,0,0,0,1,1,1,0,1,0,0,0,"purple-seed-stain"
"test",6,0,2,0,1,3,3,0,1,2,0,1,2,0,0,0,0,0,1,0,0,3,0,0,0,0,0,1,1,1,0,1,0,0,0,"purple-seed-stain"
"test",5,0,2,2,1,1,1,0,1,2,0,1,2,0,0,0,0,0,0,0,0,3,0,0,0,0,0,1,1,1,0,1,0,0,0,"purple-seed-stain"
"test",4,0,2,2,1,0,0,0,0,2,0,1,2,0,0,0,0,0,0,1,0,3,0,0,0,0,0,1,1,1,0,1,0,0,0,"purple-seed-stain"
"test",5,0,2,0,0,1,1,0,0,1,0,1,2,0,0,0,0,0,1,0,0,3,0,0,0,0,0,1,1,1,0,1,0,0,0,"purple-seed-stain"
"test",6,0,2,1,0,2,2,0,0,2,0,0,0,2,2,0,0,0,1,0,0,3,0,0,0,0,0,1,1,1,0,1,0,0,0,"purple-seed-stain"
"test",3,0,2,2,0,3,3,0,0,1,0,0,0,2,2,0,0,0,0,0,0,3,0,0,0,0,0,0,0,1,0,1,0,0,0,"purple-seed-stain"
"test",3,0,2,0,0,3,3,0,0,2,0,0,0,2,2,0,0,0,0,0,0,3,0,0,0,0,0,0,0,1,0,1,0,0,0,"purple-seed-stain"
"test",5,0,2,2,0,1,1,0,1,2,0,0,0,2,2,0,0,0,0,0,0,3,0,0,0,0,0,0,0,1,0,1,0,0,0,"purple-seed-stain"
"test",6,0,2,1,0,3,3,0,1,2,0,1,2,0,0,0,0,0,1,0,0,3,0,0,0,0,0,1,1,1,0,1,0,0,0,"purple-seed-stain"
"test",0,0,2,1,0,0,0,0,0,0,0,1,0,2,2,0,0,0,1,0,2,1,0,1,0,0,0,0,0,1,0,1,1,1,0,"anthracnose"
"test",2,0,2,1,0,2,2,0,2,2,1,1,0,2,2,0,0,0,1,0,3,1,0,1,0,0,0,0,0,1,0,1,1,1,0,"anthracnose"
"test",4,0,2,1,0,0,0,0,1,1,0,1,0,2,2,0,0,0,1,0,3,1,1,1,0,0,0,1,2,1,1,0,1,1,0,"anthracnose"
"test",1,0,2,1,0,0,0,0,2,1,1,1,0,2,2,0,0,0,1,0,2,1,0,1,0,0,0,0,0,1,0,1,0,1,0,"anthracnose"
"test",4,1,2,2,1,1,1,1,0,0,0,1,0,2,2,0,0,0,1,1,3,2,1,1,0,0,0,1,2,1,1,0,1,0,0,"anthracnose"
"test",6,0,2,1,0,3,3,1,0,1,0,0,0,2,2,0,0,0,1,0,3,2,1,0,0,0,0,1,2,1,1,0,1,1,0,"anthracnose"
"test",6,1,2,1,0,1,1,1,1,0,0,0,0,2,2,0,0,0,1,0,3,2,1,0,0,0,0,1,2,1,1,0,1,1,0,"anthracnose"
"test",6,1,2,1,0,3,3,1,0,0,0,0,0,2,2,0,0,0,1,0,3,2,1,0,0,0,0,1,2,1,1,0,1,1,0,"anthracnose"
"test",5,1,2,1,0,2,2,1,0,2,0,0,0,2,2,0,0,0,1,0,3,2,1,0,0,0,0,1,2,1,1,0,1,1,0,"anthracnose"
"test",5,0,2,1,0,3,3,1,1,0,0,0,0,2,2,0,0,0,1,0,3,2,1,0,0,0,0,1,2,1,1,0,1,1,0,"anthracnose"
"test",4,0,2,1,0,2,2,1,1,2,0,0,0,2,2,0,0,0,1,0,3,2,0,0,0,0,0,1,2,0,0,0,0,0,0,"anthracnose"
"test",3,1,2,2,1,1,1,0,1,2,1,1,0,2,2,0,0,0,1,1,3,2,1,1,0,0,0,1,2,0,0,0,0,0,0,"anthracnose"
"test",4,1,2,2,1,1,1,0,1,0,1,1,0,2,2,0,0,0,1,1,3,2,1,1,0,0,0,1,2,0,0,0,0,0,0,"anthracnose"
"test",5,1,2,2,1,2,2,1,0,1,0,1,0,2,2,0,0,0,1,0,3,1,1,1,0,0,0,1,2,0,0,0,0,0,0,"anthracnose"
"test",6,1,2,2,1,3,3,0,1,2,0,1,0,2,2,0,0,0,1,0,3,2,1,1,0,0,0,1,2,0,0,0,0,0,0,"anthracnose"
"test",4,0,2,1,0,1,1,2,0,0,0,0,0,2,2,0,0,0,1,0,3,2,0,0,0,0,0,1,2,0,0,0,0,0,0,"anthracnose"
"test",5,1,2,1,0,2,2,1,1,1,0,0,0,2,2,0,0,0,1,0,3,2,1,0,0,0,0,1,2,1,1,0,1,1,0,"anthracnose"
"test",6,0,2,1,0,3,3,1,0,0,0,0,0,2,2,0,0,0,1,0,3,2,1,0,0,0,0,1,2,1,1,0,1,1,0,"anthracnose"
"test",4,1,2,1,0,1,1,2,1,1,0,0,0,2,2,0,0,0,1,0,3,2,0,0,0,0,0,1,2,0,0,0,0,0,0,"anthracnose"
"test",5,0,2,1,0,2,2,1,0,0,0,0,0,2,2,0,0,0,1,0,3,2,1,0,0,0,0,1,2,1,1,0,1,1,0,"anthracnose"
"test",6,1,2,1,0,3,3,1,1,1,0,0,0,2,2,0,0,0,1,0,3,2,1,0,0,0,0,1,2,1,1,0,1,1,0,"anthracnose"
"test",5,0,2,1,0,3,3,1,0,0,0,0,0,2,2,0,0,0,1,0,3,2,1,0,0,0,0,1,2,0,0,0,0,0,0,"anthracnose"
"test",5,1,2,1,0,1,1,1,1,1,0,0,0,2,2,0,0,0,1,0,3,2,0,0,0,0,0,1,2,0,0,0,0,0,0,"anthracnose"
"test",5,0,2,1,0,1,1,1,0,1,0,0,0,2,2,0,0,0,1,0,3,2,1,0,0,0,0,1,2,0,0,0,0,0,0,"anthracnose"
"test",1,0,0,1,1,0,0,1,0,0,0,1,2,0,1,0,1,0,0,0,0,0,0,0,0,0,0,0,0,0,0,0,0,0,0,"phyllosticta-leaf-spot"
"test",3,0,0,1,1,2,3,0,0,2,1,1,2,0,1,0,1,0,0,0,0,0,0,0,0,0,0,0,0,0,0,0,0,0,0,"phyllosticta-leaf-spot"
"test",1,1,1,1,0,2,3,1,0,2,0,1,2,0,1,0,0,0,0,0,0,0,0,0,0,0,0,0,0,0,0,0,0,0,0,"phyllosticta-leaf-spot"
"test",2,1,1,1,0,2,0,1,0,2,0,1,2,0,1,0,0,0,0,0,0,0,0,0,0,0,0,0,0,0,0,0,0,0,0,"phyllosticta-leaf-spot"
"test",2,0,0,2,1,1,2,0,1,1,0,1,2,0,1,1,0,0,0,0,0,0,0,0,0,0,0,0,0,0,0,0,0,0,0,"phyllosticta-leaf-spot"
"test",2,0,0,2,1,1,3,0,0,2,0,1,2,0,1,1,0,0,0,0,0,0,0,0,0,0,0,0,0,0,0,0,0,0,0,"phyllosticta-leaf-spot"
"test",3,1,1,2,0,1,0,0,0,0,1,1,2,0,1,1,1,0,0,0,0,0,0,0,0,0,0,0,0,0,0,0,0,0,0,"phyllosticta-leaf-spot"
"test",4,1,1,2,0,1,2,0,1,1,1,1,2,0,1,1,1,0,0,0,0,0,0,0,0,0,0,0,0,0,0,0,0,0,0,"phyllosticta-leaf-spot"
"test",2,1,1,2,0,3,0,0,1,1,0,1,2,0,1,1,1,0,0,0,0,0,0,0,0,0,0,0,0,0,0,0,0,0,0,"phyllosticta-leaf-spot"
"test",4,1,1,2,0,1,3,0,1,1,0,1,2,0,1,1,1,0,0,0,0,0,0,0,0,0,0,0,0,0,0,0,0,0,0,"phyllosticta-leaf-spot"
"test",6,0,2,2,0,2,2,0,1,0,0,1,2,0,1,0,0,0,0,0,0,0,0,0,0,0,0,0,0,0,0,0,0,0,0,"alternarialeaf-spot"
"test",5,0,2,2,0,2,2,1,0,0,0,1,2,0,1,0,0,0,0,0,0,0,0,0,0,0,0,0,0,0,0,0,0,0,0,"alternarialeaf-spot"
"test",6,1,2,2,0,2,3,1,1,2,0,1,2,0,1,0,0,0,0,0,0,0,0,0,0,0,0,0,0,0,0,0,0,0,0,"alternarialeaf-spot"
"test",5,1,2,1,0,2,2,0,0,2,0,1,2,0,1,0,0,0,0,0,0,0,0,0,0,0,0,0,0,0,0,0,0,0,0,"alternarialeaf-spot"
"test",6,0,2,1,0,3,3,0,1,0,0,1,2,0,1,0,0,0,0,0,0,0,0,0,0,0,0,0,0,0,0,0,0,0,0,"alternarialeaf-spot"
"test",5,0,2,1,0,2,2,0,0,0,0,1,2,0,1,1,0,0,0,0,0,0,0,0,0,0,0,0,0,0,0,0,0,0,0,"alternarialeaf-spot"
"test",6,0,2,1,0,3,3,0,1,1,0,1,2,0,1,1,0,0,0,0,0,0,0,0,0,0,0,0,0,0,0,0,0,0,0,"alternarialeaf-spot"
"test",5,0,2,1,0,3,0,0,1,1,0,1,2,0,1,1,0,0,0,0,0,0,0,0,0,0,0,0,0,0,0,0,0,0,0,"alternarialeaf-spot"
"test",5,1,2,1,1,0,0,1,1,1,0,1,2,0,1,0,0,0,0,0,0,0,0,0,0,0,0,0,0,1,0,1,0,0,0,"alternarialeaf-spot"
"test",5,1,2,1,1,1,1,1,1,1,0,1,2,0,1,0,0,0,0,0,0,0,0,0,0,0,0,0,0,0,0,0,0,0,0,"alternarialeaf-spot"
"test",4,0,2,1,1,0,0,1,0,0,0,1,2,0,1,0,0,0,0,0,0,0,0,0,0,0,0,0,0,1,0,1,0,0,0,"alternarialeaf-spot"
"test",6,1,1,2,1,1,1,0,2,2,0,1,2,0,1,0,0,0,0,0,0,0,0,0,0,0,0,0,0,0,0,0,0,0,0,"alternarialeaf-spot"
"test",4,1,2,1,0,2,2,0,0,0,0,1,2,0,1,0,0,0,0,0,0,0,0,0,0,0,0,0,0,1,0,0,0,0,0,"alternarialeaf-spot"
"test",6,0,1,1,1,0,0,0,2,2,0,1,2,0,1,0,0,0,0,0,0,0,0,0,0,0,0,0,0,1,0,1,0,0,0,"alternarialeaf-spot"
"test",5,0,2,1,1,2,2,1,1,1,0,1,2,0,1,0,0,0,0,0,0,0,0,0,0,0,0,0,0,1,0,1,0,0,0,"alternarialeaf-spot"
"test",6,0,1,2,1,3,3,0,2,0,0,1,2,0,1,0,0,0,0,0,0,0,0,0,0,0,0,0,0,0,0,1,0,0,0,"alternarialeaf-spot"
"test",4,1,2,2,0,0,0,0,0,2,0,1,2,0,1,0,0,0,0,0,0,0,0,0,0,0,0,0,0,1,0,1,0,0,0,"alternarialeaf-spot"
"test",5,1,1,2,1,0,0,1,1,2,0,1,2,0,1,0,0,0,0,0,0,0,0,0,0,0,0,0,0,1,0,1,0,0,0,"alternarialeaf-spot"
"test",6,0,2,1,0,1,1,0,2,0,0,1,2,0,1,0,0,0,0,0,0,0,0,0,0,0,0,0,0,0,0,0,0,0,0,"alternarialeaf-spot"
"test",5,1,1,2,1,2,2,0,0,0,0,1,2,0,1,0,0,0,0,0,0,0,0,0,0,0,0,0,0,1,0,1,0,0,0,"alternarialeaf-spot"
"test",4,0,2,1,0,1,0,1,0,0,0,1,2,0,1,0,0,0,0,0,0,0,0,0,0,0,0,0,0,0,0,0,0,0,0,"alternarialeaf-spot"
"test",5,0,2,2,0,2,1,1,1,1,0,1,2,0,1,0,0,0,0,0,0,0,0,0,0,0,0,0,0,0,0,0,0,0,0,"alternarialeaf-spot"
"test",6,1,2,2,0,3,2,0,0,2,0,1,2,0,1,0,0,0,0,0,0,0,0,0,0,0,0,0,0,0,0,0,0,0,0,"alternarialeaf-spot"
"test",5,0,2,2,0,1,3,0,1,0,0,1,2,0,1,0,0,0,0,0,0,0,0,0,0,0,0,0,0,0,0,0,0,0,0,"alternarialeaf-spot"
"test",5,0,2,2,0,2,0,1,0,1,0,1,2,0,1,0,0,0,0,0,0,0,0,0,0,0,0,0,0,0,0,0,0,0,0,"alternarialeaf-spot"
"test",5,1,2,2,0,3,1,0,1,2,0,1,2,0,1,0,0,0,0,0,0,0,0,0,0,0,0,0,0,0,0,0,0,0,0,"alternarialeaf-spot"
"test",5,0,2,2,0,2,3,0,1,1,0,1,2,0,1,0,0,0,0,0,0,0,0,0,0,0,0,0,0,0,0,0,0,0,0,"alternarialeaf-spot"
"test",5,1,2,2,0,3,0,1,0,2,0,1,2,0,1,0,0,0,0,0,0,0,0,0,0,0,0,0,0,0,0,0,0,0,0,"alternarialeaf-spot"
"test",5,0,2,2,0,1,1,0,1,0,0,1,2,0,1,0,0,0,0,0,0,0,0,0,0,0,0,0,0,0,0,0,0,0,0,"alternarialeaf-spot"
"test",4,0,2,1,0,2,2,1,0,1,0,1,2,0,1,0,0,0,0,0,0,0,0,0,0,0,0,0,0,0,0,0,0,0,0,"alternarialeaf-spot"
"test",5,1,2,2,0,3,3,0,1,2,0,1,2,0,1,0,0,0,0,0,0,0,0,0,0,0,0,0,0,0,0,0,0,0,0,"alternarialeaf-spot"
"test",6,0,2,2,0,1,0,0,0,0,0,1,2,0,1,0,0,0,0,0,0,0,0,0,0,0,0,0,0,0,0,0,0,0,0,"alternarialeaf-spot"
"test",3,0,2,1,0,2,1,1,1,1,0,1,2,0,1,0,0,0,0,0,0,0,0,0,0,0,0,0,0,0,0,0,0,0,0,"alternarialeaf-spot"
"test",4,1,2,1,0,3,2,1,0,2,0,1,2,0,1,0,0,0,0,0,0,0,0,0,0,0,0,0,0,0,0,0,0,0,0,"alternarialeaf-spot"
"test",5,0,2,2,0,1,3,1,1,0,0,1,2,0,1,0,0,0,0,0,0,0,0,0,0,0,0,0,0,0,0,0,0,0,0,"alternarialeaf-spot"
"test",6,0,2,2,0,2,0,0,0,1,0,1,2,0,1,0,0,0,0,0,0,0,0,0,0,0,0,0,0,0,0,0,0,0,0,"alternarialeaf-spot"
"test",4,1,2,1,0,3,1,1,1,2,0,1,2,0,1,0,0,0,0,0,0,0,0,0,0,0,0,0,0,0,0,0,0,0,0,"alternarialeaf-spot"
"test",4,0,2,1,0,1,2,1,0,0,0,1,2,0,1,0,0,0,0,0,0,0,0,0,0,0,0,0,0,0,0,0,0,0,0,"alternarialeaf-spot"
"test",5,0,2,2,0,2,3,0,1,1,0,1,2,0,1,0,0,0,0,0,0,0,0,0,0,0,0,0,0,0,0,0,0,0,0,"alternarialeaf-spot"
"test",5,1,2,2,0,3,0,0,0,2,0,1,2,0,1,0,0,0,0,0,0,0,0,0,0,0,0,0,0,0,0,0,0,0,0,"alternarialeaf-spot"
"test",5,0,2,2,0,1,1,1,1,0,0,1,2,0,1,0,0,0,0,0,0,0,0,0,0,0,0,0,0,0,0,0,0,0,0,"alternarialeaf-spot"
"test",6,0,2,2,0,2,2,0,0,1,0,1,2,0,1,0,0,0,0,0,0,0,0,0,0,0,0,0,0,0,0,0,0,0,0,"alternarialeaf-spot"
"test",6,1,2,2,0,3,3,0,1,2,0,1,2,0,1,0,0,0,0,0,0,0,0,0,0,0,0,0,0,0,0,0,0,0,0,"alternarialeaf-spot"
"test",5,0,2,2,0,1,0,0,0,0,0,1,2,0,1,0,0,0,0,0,0,0,0,0,0,0,0,0,0,0,0,0,0,0,0,"alternarialeaf-spot"
"test",6,0,2,2,0,2,1,1,1,1,0,1,2,0,1,0,0,0,0,0,0,0,0,0,0,0,0,0,0,0,0,0,0,0,0,"alternarialeaf-spot"
"test",5,1,2,2,0,3,2,0,0,2,0,1,2,0,1,0,0,0,0,0,0,0,0,0,0,0,0,0,0,0,0,0,0,0,0,"alternarialeaf-spot"
"test",6,0,2,2,0,3,3,1,1,0,0,1,2,0,1,0,0,0,0,0,0,0,0,0,0,0,0,0,0,0,0,0,0,0,0,"alternarialeaf-spot"
"test",5,0,2,2,0,3,1,0,0,1,0,1,2,0,1,0,0,0,0,0,0,0,0,0,0,0,0,0,0,0,0,0,0,0,0,"alternarialeaf-spot"
"test",6,1,2,2,0,3,2,1,1,2,0,1,2,0,1,0,0,0,0,0,0,0,0,0,0,0,0,0,0,0,0,0,0,0,0,"alternarialeaf-spot"
"test",5,0,2,2,0,2,1,1,0,0,0,1,2,0,1,0,0,0,0,0,0,0,0,0,0,0,0,0,0,0,0,0,0,0,0,"alternarialeaf-spot"
"test",6,0,2,2,0,2,2,0,1,1,0,1,2,0,1,0,0,0,0,0,0,0,0,0,0,0,0,0,0,0,0,0,0,0,0,"alternarialeaf-spot"
"test",4,1,2,1,0,3,0,1,0,2,0,1,2,0,1,0,0,0,1,0,3,2,0,1,0,0,0,1,1,0,0,0,0,0,0,"frog-eye-leaf-spot"
"test",4,0,2,1,0,2,2,1,0,1,0,1,2,0,1,0,0,0,1,0,3,2,0,1,0,0,0,1,1,0,0,0,0,0,0,"frog-eye-leaf-spot"
"test",3,0,2,1,0,1,0,0,0,0,0,1,2,0,1,0,0,0,0,0,0,0,0,0,0,0,0,0,0,0,0,0,0,0,0,"frog-eye-leaf-spot"
"test",4,0,2,1,0,1,3,1,1,0,0,1,2,0,1,0,0,0,0,0,0,0,0,0,0,0,0,0,0,0,0,0,0,0,0,"frog-eye-leaf-spot"
"test",4,1,2,1,0,3,1,1,1,2,0,1,2,0,1,0,0,0,0,0,0,0,0,0,0,0,0,0,0,0,0,0,0,0,0,"frog-eye-leaf-spot"
"test",4,1,2,1,0,2,1,0,1,2,0,1,2,0,1,0,0,0,1,0,3,2,0,1,0,0,0,1,1,0,0,0,0,0,0,"frog-eye-leaf-spot"
"test",4,1,2,1,0,3,0,1,0,2,0,1,2,0,1,0,0,0,0,0,0,0,0,0,0,0,0,0,0,0,0,0,0,0,0,"frog-eye-leaf-spot"
"test",4,0,1,1,1,3,1,0,0,1,0,1,2,0,1,0,0,0,0,0,0,0,0,0,0,0,0,0,0,0,0,0,0,0,0,"frog-eye-leaf-spot"
"test",6,0,1,1,0,2,3,0,1,0,0,1,2,0,1,0,0,0,0,0,0,0,0,0,0,0,0,0,0,0,0,0,0,0,0,"frog-eye-leaf-spot"
"test",5,0,1,1,1,0,1,0,0,0,0,1,2,0,1,0,0,0,1,0,3,0,0,1,0,0,0,1,1,0,0,0,0,0,0,"frog-eye-leaf-spot"
"test",3,0,2,1,1,0,0,1,0,1,0,1,2,0,1,0,0,0,0,0,0,0,0,0,0,0,0,0,0,0,0,0,0,0,0,"frog-eye-leaf-spot"
"test",5,0,2,1,1,2,2,0,2,0,0,1,2,0,1,0,0,0,1,1,3,1,0,0,0,0,0,0,0,0,0,0,0,0,0,"frog-eye-leaf-spot"
"test",3,1,2,1,1,0,0,1,1,2,1,1,2,0,1,0,0,0,0,1,2,1,0,1,0,0,0,1,1,0,0,0,0,0,0,"frog-eye-leaf-spot"
"test",5,0,2,1,1,2,2,0,0,0,0,1,2,0,1,0,0,0,1,0,3,1,0,1,0,0,0,1,1,0,0,0,0,0,0,"frog-eye-leaf-spot"
"test",4,0,2,2,1,1,0,1,2,0,0,1,2,0,1,0,0,0,0,0,0,0,0,0,0,0,0,0,0,0,0,0,0,0,0,"frog-eye-leaf-spot"
"test",4,0,2,2,1,3,2,0,1,0,0,1,2,0,1,0,0,0,0,0,0,0,0,0,0,0,0,0,0,0,0,0,0,0,0,"frog-eye-leaf-spot"
"test",3,1,2,2,1,2,0,1,0,2,1,1,2,0,1,0,0,0,0,0,0,0,0,0,0,0,0,0,0,0,0,0,0,0,0,"frog-eye-leaf-spot"
"test",4,1,2,2,1,3,0,1,2,2,1,1,2,0,1,0,0,0,0,1,3,1,0,1,0,0,0,0,0,0,0,0,0,0,0,"frog-eye-leaf-spot"
"test",3,0,2,2,0,2,2,1,0,1,0,1,2,0,1,0,0,0,0,0,0,0,0,0,0,0,0,0,0,0,0,0,0,0,0,"frog-eye-leaf-spot"
"test",3,0,2,1,0,1,0,1,0,0,0,1,2,0,1,0,0,0,1,0,3,2,0,1,0,0,0,1,1,0,0,0,0,0,0,"frog-eye-leaf-spot"
"test",4,0,2,2,0,2,1,1,1,1,0,1,2,0,1,0,0,0,1,0,3,2,0,1,0,0,0,1,1,0,0,0,0,0,0,"frog-eye-leaf-spot"
"test",5,1,2,1,0,3,2,0,0,2,0,1,2,0,1,0,0,0,1,0,3,2,0,1,0,0,0,1,1,0,0,0,0,0,0,"frog-eye-leaf-spot"
"test",6,0,2,2,0,1,3,0,1,0,0,1,2,0,1,0,0,0,1,0,3,2,0,1,0,0,0,1,1,0,0,0,0,0,0,"frog-eye-leaf-spot"
"test",4,0,2,1,0,2,0,1,0,1,0,1,2,0,1,0,0,0,1,0,3,2,0,1,0,0,0,1,1,0,0,0,0,0,0,"frog-eye-leaf-spot"
"test",5,1,2,2,0,3,1,0,1,2,0,1,2,0,1,0,0,0,1,0,3,2,0,1,0,0,0,1,1,0,0,0,0,0,0,"frog-eye-leaf-spot"
"test",6,0,2,1,0,1,2,0,0,0,0,1,2,0,1,0,0,0,1,0,3,2,0,1,0,0,0,1,1,0,0,0,0,0,0,"frog-eye-leaf-spot"
"test",4,0,2,2,0,2,3,1,1,1,0,1,2,0,1,0,0,0,1,0,3,2,0,1,0,0,0,1,1,0,0,0,0,0,0,"frog-eye-leaf-spot"
"test",5,1,2,1,0,3,0,0,0,2,0,1,2,0,1,0,0,0,1,0,3,2,0,1,0,0,0,1,1,0,0,0,0,0,0,"frog-eye-leaf-spot"
"test",6,0,2,2,0,1,1,0,1,0,0,1,2,0,1,0,0,0,1,0,3,2,0,1,0,0,0,1,1,0,0,0,0,0,0,"frog-eye-leaf-spot"
"test",4,0,2,1,0,2,2,1,0,1,0,1,2,0,1,0,0,0,1,0,3,2,0,1,0,0,0,1,1,0,0,0,0,0,0,"frog-eye-leaf-spot"
"test",5,1,2,2,0,3,3,0,1,2,0,1,2,0,1,0,0,0,1,0,3,2,0,1,0,0,0,1,1,0,0,0,0,0,0,"frog-eye-leaf-spot"
"test",6,0,2,1,0,1,0,0,0,0,0,1,2,0,1,0,0,0,1,0,3,2,0,1,0,0,0,1,1,0,0,0,0,0,0,"frog-eye-leaf-spot"
"test",3,0,2,2,0,2,1,1,1,1,0,1,2,0,1,0,0,0,1,0,3,2,0,1,0,0,0,1,1,0,0,0,0,0,0,"frog-eye-leaf-spot"
"test",4,1,2,1,0,3,2,1,0,2,0,1,2,0,1,0,0,0,1,0,3,2,0,1,0,0,0,1,1,0,0,0,0,0,0,"frog-eye-leaf-spot"
"test",5,0,2,2,0,1,3,0,1,0,0,1,2,0,1,0,0,0,1,0,3,2,0,1,0,0,0,1,1,0,0,0,0,0,0,"frog-eye-leaf-spot"
"test",6,0,2,2,0,2,0,0,0,1,0,1,2,0,1,0,0,0,1,0,3,2,0,1,0,0,0,1,1,0,0,0,0,0,0,"frog-eye-leaf-spot"
"test",3,1,2,1,0,3,1,1,1,2,0,1,2,0,1,0,0,0,1,0,3,2,0,1,0,0,0,1,1,0,0,0,0,0,0,"frog-eye-leaf-spot"
"test",4,0,2,1,0,1,2,1,0,0,0,1,2,0,1,0,0,0,1,0,3,2,0,1,0,0,0,1,1,0,0,0,0,0,0,"frog-eye-leaf-spot"
"test",5,0,2,1,0,2,3,0,1,1,0,1,2,0,1,0,0,0,1,0,3,2,0,1,0,0,0,1,1,0,0,0,0,0,0,"frog-eye-leaf-spot"
"test",6,1,2,2,0,3,0,0,0,2,0,1,2,0,1,0,0,0,1,0,3,2,0,1,0,0,0,1,1,0,0,0,0,0,0,"frog-eye-leaf-spot"
"test",3,0,2,1,0,1,1,1,1,0,0,1,2,0,1,0,0,0,1,0,3,2,0,1,0,0,0,1,1,0,0,0,0,0,0,"frog-eye-leaf-spot"
"test",4,0,2,1,0,2,2,1,0,1,0,1,2,0,1,0,0,0,1,0,3,2,0,1,0,0,0,1,1,0,0,0,0,0,0,"frog-eye-leaf-spot"
"test",5,1,2,2,0,3,3,0,1,2,0,1,2,0,1,0,0,0,1,0,3,2,0,1,0,0,0,1,1,0,0,0,0,0,0,"frog-eye-leaf-spot"
"test",4,0,2,1,0,1,0,1,0,0,0,1,2,0,1,0,0,0,1,0,3,2,0,1,0,0,0,1,1,0,0,0,0,0,0,"frog-eye-leaf-spot"
"test",5,0,2,2,0,2,1,0,1,1,0,1,2,0,1,0,0,0,1,0,3,2,0,1,0,0,0,1,1,0,0,0,0,0,0,"frog-eye-leaf-spot"
"test",6,1,2,1,0,3,2,0,0,2,0,1,2,0,1,0,0,0,1,0,3,2,0,1,0,0,0,1,1,0,0,0,0,0,0,"frog-eye-leaf-spot"
"test",4,0,2,2,0,1,3,1,1,0,0,1,2,0,1,0,0,0,1,0,3,2,0,1,0,0,0,1,1,0,0,0,0,0,0,"frog-eye-leaf-spot"
"test",5,0,2,1,0,2,0,0,0,1,0,1,2,0,1,0,0,0,1,0,3,2,0,1,0,0,0,1,1,0,0,0,0,0,0,"frog-eye-leaf-spot"
"test",6,1,2,2,0,3,1,0,1,2,0,1,2,0,1,0,0,0,1,0,3,2,0,1,0,0,0,1,1,0,0,0,0,0,0,"frog-eye-leaf-spot"
"test",4,0,2,1,0,1,2,1,0,0,0,1,2,0,1,0,0,0,1,0,3,2,0,1,0,0,0,1,1,0,0,0,0,0,0,"frog-eye-leaf-spot"
"test",5,0,2,2,0,2,3,0,1,1,0,1,2,0,1,0,0,0,1,0,3,2,0,1,0,0,0,1,1,0,0,0,0,0,0,"frog-eye-leaf-spot"
"test",6,,2,2,,2,3,,,,0,0,,,,,,,1,,0,0,1,0,0,0,0,1,2,1,1,1,1,1,,"diaporthe-pod-&-stem-blight"
"test",6,,2,2,,1,3,,,,0,0,,,,,,,1,,0,0,1,0,0,0,0,1,2,1,1,1,1,1,,"diaporthe-pod-&-stem-blight"
"test",5,,2,2,,1,3,,,,0,0,,,,,,,1,,0,0,1,0,0,0,0,1,2,1,1,1,1,1,,"diaporthe-pod-&-stem-blight"
"test",6,,2,2,,3,3,,,,0,0,,,,,,,1,,0,0,1,0,0,0,0,1,2,1,1,1,1,1,,"diaporthe-pod-&-stem-blight"
"test",6,,2,2,,0,3,,,,0,0,,,,,,,1,,0,0,1,0,0,0,0,1,2,1,1,1,1,1,,"diaporthe-pod-&-stem-blight"
"test",1,1,1,2,,0,0,,,2,0,0,,,,,,,1,,0,0,1,0,0,0,0,1,2,0,1,1,1,1,,"diaporthe-pod-&-stem-blight"
"test",5,0,2,2,,1,3,,,0,0,0,,,,,,,1,,0,0,1,0,0,0,0,1,2,1,1,1,1,1,,"diaporthe-pod-&-stem-blight"
"test",5,0,2,2,,3,3,,,0,0,0,,,,,,,1,,0,0,1,0,0,0,0,1,2,1,1,1,1,1,,"diaporthe-pod-&-stem-blight"
"test",6,0,2,2,,3,3,,,1,0,0,,,,,,,1,,0,0,1,0,0,0,0,1,2,1,1,1,1,1,,"diaporthe-pod-&-stem-blight"
"test",2,,,,,1,1,,,,1,1,,,,,,,0,,,,,,,,,2,,1,0,,1,,2,"cyst-nematode"
"test",3,,,,,2,2,,,,1,1,,,,,,,0,,,,,,,,,2,,1,0,,1,,2,"cyst-nematode"
"test",4,,,,,1,1,,,,1,1,,,,,,,0,,,,,,,,,2,,1,0,,1,,2,"cyst-nematode"
"test",2,,,,,2,2,,,,1,1,,,,,,,0,,,,,,,,,2,,1,0,,1,,2,"cyst-nematode"
"test",3,,,,,2,1,,,,1,1,,,,,,,0,,,,,,,,,2,,1,0,,1,,2,"cyst-nematode"
"test",4,,,,,3,2,,,,1,1,,,,,,,0,,,,,,,,,2,,1,0,,1,,2,"cyst-nematode"
"test",4,,,,,3,1,,,,1,1,,,,,,,0,,,,,,,,,2,,1,0,,1,,2,"cyst-nematode"
"test",3,,,,,3,2,,,,1,1,,,,,,,0,,,,,,,,,2,,1,0,,1,,2,"cyst-nematode"
"test",5,,,,,,1,,,,,1,0,2,2,,1,,,,,,,,,,,,,,,,,,,"2-4-d-injury"
"test",0,,,,,,0,,,,,1,0,2,2,,1,,,,,,,,,,,,,,,,,,,"2-4-d-injury"
"test",1,,,,,,1,,,,,1,0,2,2,,1,,,,,,,,,,,,,,,,,,,"2-4-d-injury"
"test",2,,,,,,2,,,,,1,0,2,2,,1,,,,,,,,,,,,,,,,,,,"2-4-d-injury"
"test",3,,,,,,3,,,,,1,0,2,2,,1,,,,,,,,,,,,,,,,,,,"2-4-d-injury"
"test",4,,,,,,0,,,,,1,0,2,2,,1,,,,,,,,,,,,,,,,,,,"2-4-d-injury"
"test",6,,,,,,2,,,,,1,0,2,2,,1,,,,,,,,,,,,,,,,,,,"2-4-d-injury"
"test",0,,,,,,3,,,,,1,0,2,2,,1,,,,,,,,,,,,,,,,,,,"2-4-d-injury"
"test",1,,,,,,0,,,,,1,0,2,2,,1,,,,,,,,,,,,,,,,,,,"2-4-d-injury"
"test",2,,,,,,1,,,,,1,0,2,2,,1,,,,,,,,,,,,,,,,,,,"2-4-d-injury"
"test",3,,,,,,2,,,,,1,0,2,2,,1,,,,,,,,,,,,,,,,,,,"2-4-d-injury"
"test",4,,,,,,3,,,,,1,0,2,2,,1,,,,,,,,,,,,,,,,,,,"2-4-d-injury"
"test",5,,,,,,0,,,,,1,0,2,2,,1,,,,,,,,,,,,,,,,,,,"2-4-d-injury"
"test",6,,,,,,1,,,,,1,0,2,2,,1,,,,,,,,,,,,,,,,,,,"2-4-d-injury"
"test",0,,,,,,2,,,,,1,0,2,2,,1,,,,,,,,,,,,,,,,,,,"2-4-d-injury"
"test",0,1,,0,,0,0,,,,1,1,0,2,2,0,1,,1,,,,,,,,,3,,,,,,,1,"herbicide-injury"
"test",2,1,,0,,0,0,,,,1,1,0,2,2,0,1,,1,,,,,,,,,3,,,,,,,1,"herbicide-injury"
"test",0,1,,0,,1,3,,,,1,1,2,1,1,0,1,,1,,,,,,,,,3,,,,,,,1,"herbicide-injury"
"test",2,1,,0,,1,3,,,,1,1,2,1,1,0,1,,1,,,,,,,,,3,,,,,,,1,"herbicide-injury"
